timestamp,x,y,z,r
2024/06/05-18:53:15.056767,400.30,-96.75,272.76,-4.00
2024/06/05-18:53:15.142992,400.30,-96.75,272.76,-4.00
2024/06/05-18:53:15.220987,400.30,-96.75,272.76,-4.00
2024/06/05-18:53:15.296410,400.30,-96.75,272.76,-4.00
2024/06/05-18:53:15.411189,400.30,-96.75,272.76,-4.00
2024/06/05-18:53:15.508270,400.30,-96.75,272.76,-4.00
2024/06/05-18:53:15.554701,400.30,-96.75,272.76,-4.00
2024/06/05-18:53:15.660763,400.30,-96.75,272.76,-4.00
2024/06/05-18:53:15.693040,400.30,-96.75,272.76,-4.00
2024/06/05-18:53:15.777420,400.30,-96.75,272.76,-4.00
2024/06/05-18:53:15.855248,400.30,-96.75,272.76,-4.00
2024/06/05-18:53:15.932185,400.30,-96.75,272.76,-4.00
2024/06/05-18:53:15.975912,400.30,-96.75,272.76,-4.00
2024/06/05-18:53:16.070189,400.30,-96.75,272.76,-4.00
2024/06/05-18:53:16.132126,400.30,-96.75,272.76,-4.00
2024/06/05-18:53:16.210389,400.30,-96.75,272.76,-4.00
2024/06/05-18:53:16.271273,400.30,-96.75,272.76,-4.00
2024/06/05-18:53:16.346181,400.30,-96.75,272.76,-4.00
2024/06/05-18:53:16.408401,400.30,-96.75,272.76,-4.00
2024/06/05-18:53:16.497727,400.30,-96.75,272.76,-4.00
2024/06/05-18:53:16.542830,400.30,-96.75,272.76,-4.00
2024/06/05-18:53:16.647270,400.30,-96.75,272.76,-4.00
2024/06/05-18:53:16.726097,400.30,-96.75,272.76,-4.00
2024/06/05-18:53:16.842889,400.30,-96.75,272.76,-4.00
2024/06/05-18:53:16.940448,400.30,-96.75,272.76,-4.00
2024/06/05-18:53:16.994087,400.30,-96.75,272.76,-4.00
2024/06/05-18:53:17.097663,400.30,-96.75,272.76,-4.00
2024/06/05-18:53:17.164910,400.30,-96.75,272.76,-4.00
2024/06/05-18:53:17.229248,400.32,-96.77,272.65,-4.01
2024/06/05-18:53:17.320237,400.32,-96.77,272.65,-4.01
2024/06/05-18:53:17.396149,400.32,-96.77,272.65,-4.01
2024/06/05-18:53:17.436568,400.32,-96.77,272.65,-4.01
2024/06/05-18:53:17.512458,400.32,-96.77,272.65,-4.01
2024/06/05-18:53:17.663339,400.32,-96.77,272.65,-4.01
2024/06/05-18:53:17.691531,400.32,-96.77,272.65,-4.01
2024/06/05-18:53:17.802245,400.32,-96.77,272.65,-4.01
2024/06/05-18:53:17.876282,400.32,-96.77,272.65,-4.01
2024/06/05-18:53:17.922201,400.32,-96.77,272.65,-4.01
2024/06/05-18:53:18.003956,400.32,-96.77,272.65,-4.01
2024/06/05-18:53:18.081844,400.32,-96.77,272.65,-4.01
2024/06/05-18:53:18.162941,400.32,-96.77,272.65,-4.01
2024/06/05-18:53:18.246940,400.32,-96.77,272.65,-4.01
2024/06/05-18:53:18.389724,400.32,-96.77,272.65,-4.01
2024/06/05-18:53:18.432895,400.32,-96.77,272.65,-4.01
2024/06/05-18:53:18.518618,400.32,-96.77,272.65,-4.01
2024/06/05-18:53:18.606653,400.32,-96.77,272.65,-4.01
2024/06/05-18:53:18.685925,400.32,-96.77,272.65,-4.01
2024/06/05-18:53:18.774960,400.32,-96.77,272.65,-4.01
2024/06/05-18:53:18.864010,400.32,-96.77,272.65,-4.01
2024/06/05-18:53:18.945751,400.32,-96.77,272.65,-4.01
2024/06/05-18:53:19.026141,400.32,-96.77,272.65,-4.01
2024/06/05-18:53:19.127377,400.32,-96.77,272.65,-4.01
2024/06/05-18:53:19.183172,400.32,-96.77,272.65,-4.01
2024/06/05-18:53:19.231233,400.32,-96.77,272.65,-4.01
2024/06/05-18:53:19.316275,400.32,-96.77,272.65,-4.01
2024/06/05-18:53:19.396977,400.32,-96.77,272.65,-4.01
2024/06/05-18:53:19.488478,400.32,-96.77,272.65,-4.01
2024/06/05-18:53:19.553280,400.32,-96.77,272.65,-4.01
2024/06/05-18:53:19.642215,400.32,-96.77,272.65,-4.01
2024/06/05-18:53:19.723318,400.32,-96.77,272.65,-4.01
2024/06/05-18:53:19.767913,400.32,-96.77,272.65,-4.01
2024/06/05-18:53:19.885263,400.32,-96.77,272.65,-4.01
2024/06/05-18:53:19.963434,400.32,-96.77,272.65,-4.01
2024/06/05-18:53:20.016741,400.32,-96.77,272.65,-4.01
2024/06/05-18:53:20.120263,400.32,-96.77,272.65,-4.01
2024/06/05-18:53:20.155064,400.32,-96.77,272.65,-4.01
2024/06/05-18:53:20.246081,400.32,-96.77,272.65,-4.01
2024/06/05-18:53:20.327355,400.32,-96.77,272.65,-4.01
2024/06/05-18:53:20.360844,400.32,-96.77,272.65,-4.01
2024/06/05-18:53:20.453902,400.32,-96.77,272.65,-4.01
2024/06/05-18:53:20.598487,400.32,-96.77,272.65,-4.01
2024/06/05-18:53:20.626713,400.32,-96.77,272.65,-4.01
2024/06/05-18:53:20.675190,400.32,-96.77,272.65,-4.01
2024/06/05-18:53:20.734675,400.32,-96.77,272.65,-4.01
2024/06/05-18:53:20.819734,400.32,-96.77,272.65,-4.01
2024/06/05-18:53:20.856671,400.32,-96.77,272.65,-4.01
2024/06/05-18:53:20.939059,400.32,-96.77,272.65,-4.01
2024/06/05-18:53:21.017860,400.32,-96.77,272.65,-4.01
2024/06/05-18:53:21.054750,400.32,-96.77,272.65,-4.01
2024/06/05-18:53:21.141348,400.32,-96.77,272.65,-4.01
2024/06/05-18:53:21.257080,400.32,-96.77,272.65,-4.01
2024/06/05-18:53:21.289879,400.32,-96.77,272.65,-4.01
2024/06/05-18:53:21.411956,400.32,-96.77,272.65,-4.01
2024/06/05-18:53:21.486011,400.32,-96.77,272.65,-4.01
2024/06/05-18:53:21.534504,400.32,-96.77,272.65,-4.01
2024/06/05-18:53:21.623082,400.32,-96.77,272.65,-4.01
2024/06/05-18:53:21.664791,400.32,-96.77,272.65,-4.01
2024/06/05-18:53:21.755070,400.32,-96.77,272.65,-4.01
2024/06/05-18:53:21.837850,400.32,-96.77,272.65,-4.01
2024/06/05-18:53:21.925164,400.32,-96.77,272.65,-4.01
2024/06/05-18:53:22.002861,400.32,-96.77,272.65,-4.01
2024/06/05-18:53:22.110241,400.32,-96.77,272.65,-4.01
2024/06/05-18:53:22.149706,400.32,-96.77,272.65,-4.01
2024/06/05-18:53:22.239915,400.32,-96.77,272.65,-4.01
2024/06/05-18:53:22.319945,400.32,-96.77,272.65,-4.01
2024/06/05-18:53:22.366397,400.32,-96.77,272.65,-4.01
2024/06/05-18:53:22.436790,400.32,-96.77,272.65,-4.01
2024/06/05-18:53:22.534245,400.32,-96.77,272.65,-4.01
2024/06/05-18:53:22.612469,400.32,-96.77,272.65,-4.01
2024/06/05-18:53:22.688510,400.32,-96.77,272.65,-4.01
2024/06/05-18:53:22.773675,400.32,-96.77,272.65,-4.01
2024/06/05-18:53:22.858608,400.32,-96.77,272.65,-4.01
2024/06/05-18:53:22.911810,400.32,-96.77,272.65,-4.01
2024/06/05-18:53:22.974204,400.32,-96.77,272.65,-4.01
2024/06/05-18:53:23.056538,400.32,-96.77,272.65,-4.01
2024/06/05-18:53:23.115095,400.32,-96.77,272.65,-4.01
2024/06/05-18:53:23.213506,400.32,-96.77,272.65,-4.01
2024/06/05-18:53:23.265284,400.32,-96.77,272.65,-4.01
2024/06/05-18:53:23.395890,400.32,-96.77,272.65,-4.01
2024/06/05-18:53:23.512693,400.32,-96.77,272.65,-4.01
2024/06/05-18:53:23.564543,400.32,-96.77,272.65,-4.01
2024/06/05-18:53:23.646070,400.32,-96.77,272.65,-4.01
2024/06/05-18:53:23.737484,400.32,-96.77,272.65,-4.01
2024/06/05-18:53:23.810142,400.32,-96.77,272.65,-4.01
2024/06/05-18:53:23.897340,400.32,-96.77,272.65,-4.01
2024/06/05-18:53:23.968129,400.32,-96.77,272.65,-4.01
2024/06/05-18:53:24.050497,400.32,-96.77,272.65,-4.01
2024/06/05-18:53:24.128941,400.32,-96.77,272.65,-4.01
2024/06/05-18:53:24.200003,400.32,-96.77,272.65,-4.01
2024/06/05-18:53:24.310056,400.32,-96.77,272.65,-4.01
2024/06/05-18:53:24.364356,400.32,-96.77,272.65,-4.01
2024/06/05-18:53:24.451888,400.32,-96.77,272.65,-4.01
2024/06/05-18:53:24.544309,400.32,-96.77,272.65,-4.01
2024/06/05-18:53:24.638820,400.32,-96.77,272.65,-4.01
2024/06/05-18:53:24.704946,400.32,-96.77,272.65,-4.01
2024/06/05-18:53:24.796859,400.32,-96.77,272.65,-4.01
2024/06/05-18:53:24.964846,400.32,-96.77,272.65,-4.01
2024/06/05-18:53:25.018924,400.32,-96.77,272.65,-4.01
2024/06/05-18:53:25.067677,400.32,-96.77,272.65,-4.01
2024/06/05-18:53:25.159046,400.32,-96.77,272.65,-4.01
2024/06/05-18:53:25.229500,400.32,-96.77,272.65,-4.01
2024/06/05-18:53:25.308985,400.32,-96.77,272.65,-4.01
2024/06/05-18:53:25.348414,400.32,-96.77,272.65,-4.01
2024/06/05-18:53:25.432805,400.32,-96.77,272.65,-4.01
2024/06/05-18:53:25.512108,400.32,-96.77,272.65,-4.01
2024/06/05-18:53:25.624746,400.32,-96.77,272.65,-4.01
2024/06/05-18:53:25.689426,400.32,-96.77,272.65,-4.01
2024/06/05-18:53:25.731330,400.32,-96.77,272.65,-4.01
2024/06/05-18:53:25.818701,400.32,-96.77,272.65,-4.01
2024/06/05-18:53:25.899591,400.32,-96.77,272.65,-4.01
2024/06/05-18:53:25.985036,400.32,-96.77,272.65,-4.01
2024/06/05-18:53:26.025817,400.32,-96.77,272.65,-4.01
2024/06/05-18:53:26.111346,400.32,-96.77,272.65,-4.01
2024/06/05-18:53:26.203343,400.32,-96.77,272.65,-4.01
2024/06/05-18:53:26.308966,400.32,-96.77,272.65,-4.01
2024/06/05-18:53:26.389890,400.32,-96.77,272.65,-4.01
2024/06/05-18:53:26.481534,400.32,-96.77,272.65,-4.01
2024/06/05-18:53:26.569958,400.32,-96.77,272.65,-4.01
2024/06/05-18:53:26.662959,400.32,-96.77,272.65,-4.01
2024/06/05-18:53:26.748834,400.32,-96.77,272.65,-4.01
2024/06/05-18:53:26.823650,400.32,-96.77,272.65,-4.01
2024/06/05-18:53:26.897040,400.32,-96.77,272.65,-4.01
2024/06/05-18:53:26.983109,400.32,-96.77,272.65,-4.01
2024/06/05-18:53:27.046035,400.32,-96.77,272.65,-4.01
2024/06/05-18:53:27.121759,400.32,-96.77,272.65,-4.01
2024/06/05-18:53:27.218727,400.32,-96.77,272.65,-4.01
2024/06/05-18:53:27.279876,400.32,-96.77,272.65,-4.01
2024/06/05-18:53:27.321934,400.32,-96.77,272.65,-4.01
2024/06/05-18:53:27.400294,400.32,-96.77,272.65,-4.01
2024/06/05-18:53:27.485341,400.32,-96.77,272.65,-4.01
2024/06/05-18:53:27.560445,400.32,-96.77,272.65,-4.01
2024/06/05-18:53:27.602837,400.32,-96.77,272.65,-4.01
2024/06/05-18:53:27.740242,400.32,-96.77,272.65,-4.01
2024/06/05-18:53:27.820496,400.32,-96.77,272.65,-4.01
2024/06/05-18:53:27.871819,400.32,-96.77,272.65,-4.01
2024/06/05-18:53:27.975377,400.32,-96.77,272.65,-4.01
2024/06/05-18:53:28.042686,400.32,-96.77,272.65,-4.01
2024/06/05-18:53:28.094657,400.32,-96.77,272.65,-4.01
2024/06/05-18:53:28.179702,400.32,-96.77,272.65,-4.01
2024/06/05-18:53:28.262140,400.32,-96.77,272.65,-4.01
2024/06/05-18:53:28.361280,400.32,-96.77,272.65,-4.01
2024/06/05-18:53:28.432535,400.32,-96.77,272.65,-4.01
2024/06/05-18:53:28.505318,400.32,-96.77,272.65,-4.01
2024/06/05-18:53:28.614720,400.32,-96.77,272.65,-4.01
2024/06/05-18:53:28.665420,400.32,-96.77,272.65,-4.01
2024/06/05-18:53:28.711963,400.32,-96.77,272.65,-4.01
2024/06/05-18:53:28.794548,400.32,-96.77,272.65,-4.01
2024/06/05-18:53:28.869825,400.32,-96.77,272.65,-4.01
2024/06/05-18:53:28.939602,400.32,-96.77,272.65,-4.01
2024/06/05-18:53:29.027730,400.32,-96.77,272.65,-4.01
2024/06/05-18:53:29.097558,400.32,-96.77,272.65,-4.01
2024/06/05-18:53:29.206442,400.32,-96.77,272.65,-4.01
2024/06/05-18:53:29.299078,400.32,-96.77,272.65,-4.01
2024/06/05-18:53:29.381047,400.32,-96.77,272.65,-4.01
2024/06/05-18:53:29.457705,400.32,-96.77,272.65,-4.01
2024/06/05-18:53:29.544523,400.32,-96.77,272.65,-4.01
2024/06/05-18:53:29.607522,400.32,-96.77,272.65,-4.01
2024/06/05-18:53:29.667249,400.32,-96.77,272.65,-4.01
2024/06/05-18:53:29.757371,400.32,-96.77,272.65,-4.01
2024/06/05-18:53:29.857990,400.32,-96.77,272.65,-4.01
2024/06/05-18:53:29.896854,400.32,-96.77,272.65,-4.01
2024/06/05-18:53:30.010994,400.32,-96.77,272.65,-4.01
2024/06/05-18:53:30.147945,400.32,-96.77,272.65,-4.01
2024/06/05-18:53:30.206416,400.32,-96.77,272.65,-4.01
2024/06/05-18:53:30.294484,400.32,-96.77,272.65,-4.01
2024/06/05-18:53:30.393900,400.32,-96.77,272.65,-4.01
2024/06/05-18:53:30.436166,400.32,-96.77,272.65,-4.01
2024/06/05-18:53:30.490886,400.32,-96.77,272.65,-4.01
2024/06/05-18:53:30.591939,400.32,-96.77,272.65,-4.01
2024/06/05-18:53:30.665684,400.32,-96.77,272.65,-4.01
2024/06/05-18:53:30.774323,400.32,-96.77,272.65,-4.01
2024/06/05-18:53:30.825318,400.32,-96.77,272.65,-4.01
2024/06/05-18:53:30.917431,400.32,-96.77,272.65,-4.01
2024/06/05-18:53:31.000644,400.32,-96.77,272.65,-4.01
2024/06/05-18:53:31.035632,400.32,-96.77,272.65,-4.01
2024/06/05-18:53:31.120248,400.32,-96.77,272.65,-4.01
2024/06/05-18:53:31.198897,400.32,-96.77,272.65,-4.01
2024/06/05-18:53:31.233029,400.32,-96.77,272.65,-4.01
2024/06/05-18:53:31.323458,400.32,-96.77,272.65,-4.01
2024/06/05-18:53:31.408491,400.32,-96.77,272.65,-4.01
2024/06/05-18:53:31.478978,400.32,-96.77,272.65,-4.01
2024/06/05-18:53:31.584366,400.32,-96.77,272.65,-4.01
2024/06/05-18:53:31.643715,400.32,-96.77,272.65,-4.01
2024/06/05-18:53:31.719871,400.32,-96.77,272.65,-4.01
2024/06/05-18:53:31.778151,400.32,-96.77,272.65,-4.01
2024/06/05-18:53:31.858823,400.32,-96.77,272.65,-4.01
2024/06/05-18:53:31.904098,400.32,-96.77,272.65,-4.01
2024/06/05-18:53:31.985375,400.32,-96.77,272.65,-4.01
2024/06/05-18:53:32.064265,400.32,-96.77,272.65,-4.01
2024/06/05-18:53:32.162621,400.32,-96.77,272.65,-4.01
2024/06/05-18:53:32.243917,400.32,-96.77,272.65,-4.01
2024/06/05-18:53:32.314965,400.32,-96.77,272.65,-4.01
2024/06/05-18:53:32.394699,400.32,-96.77,272.65,-4.01
2024/06/05-18:53:32.479859,400.32,-96.77,272.65,-4.01
2024/06/05-18:53:32.552660,400.32,-96.77,272.65,-4.01
2024/06/05-18:53:32.644593,400.32,-96.77,272.65,-4.01
2024/06/05-18:53:32.726216,400.32,-96.77,272.65,-4.01
2024/06/05-18:53:32.782923,400.32,-96.77,272.65,-4.01
2024/06/05-18:53:32.834993,400.32,-96.77,272.65,-4.01
2024/06/05-18:53:32.998733,400.32,-96.77,272.65,-4.01
2024/06/05-18:53:33.037010,400.32,-96.77,272.65,-4.01
2024/06/05-18:53:33.101610,400.32,-96.77,272.65,-4.01
2024/06/05-18:53:33.190189,400.32,-96.77,272.65,-4.01
2024/06/05-18:53:33.262375,400.32,-96.77,272.65,-4.01
2024/06/05-18:53:33.351369,400.32,-96.77,272.65,-4.01
2024/06/05-18:53:33.438320,400.32,-96.77,272.65,-4.01
2024/06/05-18:53:33.512868,400.32,-96.77,272.65,-4.01
2024/06/05-18:53:33.935222,400.32,-96.77,272.65,-4.01
2024/06/05-18:53:34.016616,400.32,-96.77,272.65,-4.01
2024/06/05-18:53:34.056408,400.32,-96.77,272.65,-4.01
2024/06/05-18:53:34.146369,400.32,-96.77,272.65,-4.01
2024/06/05-18:53:34.214005,400.32,-96.77,272.65,-4.01
2024/06/05-18:53:34.294483,400.32,-96.77,272.65,-4.01
2024/06/05-18:53:34.383655,400.32,-96.77,272.65,-4.01
2024/06/05-18:53:34.478546,400.32,-96.77,272.65,-4.01
2024/06/05-18:53:34.536795,400.32,-96.77,272.65,-4.01
2024/06/05-18:53:34.585764,400.32,-96.77,272.65,-4.01
2024/06/05-18:53:34.672414,400.32,-96.77,272.65,-4.01
2024/06/05-18:53:34.710363,400.32,-96.77,272.65,-4.01
2024/06/05-18:53:34.783399,400.32,-96.77,272.65,-4.01
2024/06/05-18:53:34.875451,400.32,-96.77,272.65,-4.01
2024/06/05-18:53:34.960961,400.32,-96.77,272.65,-4.01
2024/06/05-18:53:35.059759,400.32,-96.77,272.65,-4.01
2024/06/05-18:53:35.171015,400.32,-96.77,272.65,-4.01
2024/06/05-18:53:35.236698,400.32,-96.77,272.65,-4.01
2024/06/05-18:53:35.333420,400.32,-96.77,272.65,-4.01
2024/06/05-18:53:35.406121,400.32,-96.77,272.65,-4.01
2024/06/05-18:53:35.502776,400.32,-96.77,272.65,-4.01
2024/06/05-18:53:35.587476,400.32,-96.77,272.65,-4.01
2024/06/05-18:53:35.629925,400.32,-96.77,272.65,-4.01
2024/06/05-18:53:35.710826,400.32,-96.77,272.65,-4.01
2024/06/05-18:53:35.832408,400.32,-96.77,272.65,-4.01
2024/06/05-18:53:35.924495,400.32,-96.77,272.65,-4.01
2024/06/05-18:53:35.975651,400.32,-96.77,272.65,-4.01
2024/06/05-18:53:36.051919,400.32,-96.77,272.65,-4.01
2024/06/05-18:53:36.133757,400.32,-96.77,272.65,-4.01
2024/06/05-18:53:36.176094,400.32,-96.77,272.65,-4.01
2024/06/05-18:53:36.254515,400.32,-96.77,272.65,-4.01
2024/06/05-18:53:36.337709,400.32,-96.77,272.65,-4.01
2024/06/05-18:53:36.380303,400.32,-96.77,272.65,-4.01
2024/06/05-18:53:36.447498,400.32,-96.77,272.65,-4.01
2024/06/05-18:53:36.573838,400.32,-96.77,272.65,-4.01
2024/06/05-18:53:36.685145,400.32,-96.77,272.65,-4.01
2024/06/05-18:53:36.722404,400.32,-96.77,272.65,-4.01
2024/06/05-18:53:36.774373,400.32,-96.77,272.65,-4.01
2024/06/05-18:53:36.865291,400.32,-96.77,272.65,-4.01
2024/06/05-18:53:36.952612,400.32,-96.77,272.65,-4.01
2024/06/05-18:53:37.046996,400.32,-96.77,272.65,-4.01
2024/06/05-18:53:37.126961,400.32,-96.77,272.65,-4.01
2024/06/05-18:53:37.161874,400.32,-96.77,272.65,-4.01
2024/06/05-18:53:37.279930,400.32,-96.77,272.65,-4.01
2024/06/05-18:53:37.364279,400.32,-96.77,272.65,-4.01
2024/06/05-18:53:37.433761,400.32,-96.77,272.65,-4.01
2024/06/05-18:53:37.514161,400.32,-96.77,272.65,-4.01
2024/06/05-18:53:37.571069,400.32,-96.77,272.65,-4.01
2024/06/05-18:53:37.616429,400.32,-96.77,272.65,-4.01
2024/06/05-18:53:37.699202,400.32,-96.77,272.65,-4.01
2024/06/05-18:53:37.789909,400.32,-96.77,272.65,-4.01
2024/06/05-18:53:37.824955,400.32,-96.77,272.65,-4.01
2024/06/05-18:53:37.916404,400.32,-96.77,272.65,-4.01
2024/06/05-18:53:38.061001,400.32,-96.77,272.65,-4.01
2024/06/05-18:53:38.091082,400.32,-96.77,272.65,-4.01
2024/06/05-18:53:38.136995,400.32,-96.77,272.65,-4.01
2024/06/05-18:53:38.234342,400.32,-96.77,272.65,-4.01
2024/06/05-18:53:38.313433,400.32,-96.77,272.65,-4.01
2024/06/05-18:53:38.352727,400.32,-96.77,272.65,-4.01
2024/06/05-18:53:38.431622,400.32,-96.77,272.65,-4.01
2024/06/05-18:53:38.524921,400.32,-96.77,272.65,-4.01
2024/06/05-18:53:38.603432,400.32,-96.77,272.65,-4.01
2024/06/05-18:53:38.698038,400.32,-96.77,272.65,-4.01
2024/06/05-18:53:38.846807,400.32,-96.77,272.65,-4.01
2024/06/05-18:53:38.874464,400.32,-96.77,272.65,-4.01
2024/06/05-18:53:38.974327,400.32,-96.77,272.65,-4.01
2024/06/05-18:53:39.059557,400.32,-96.77,272.65,-4.01
2024/06/05-18:53:39.093400,400.32,-96.77,272.65,-4.01
2024/06/05-18:53:39.176956,400.32,-96.77,272.65,-4.01
2024/06/05-18:53:39.261950,400.32,-96.77,272.65,-4.01
2024/06/05-18:53:39.298628,400.32,-96.77,272.65,-4.01
2024/06/05-18:53:39.380846,400.32,-96.77,272.65,-4.01
2024/06/05-18:53:39.496253,400.32,-96.77,272.65,-4.01
2024/06/05-18:53:39.605071,400.32,-96.77,272.65,-4.01
2024/06/05-18:53:39.648907,400.32,-96.77,272.65,-4.01
2024/06/05-18:53:39.735795,400.32,-96.77,272.65,-4.01
2024/06/05-18:53:39.815032,400.32,-96.77,272.65,-4.01
2024/06/05-18:53:39.848965,400.32,-96.77,272.65,-4.01
2024/06/05-18:53:39.929900,400.32,-96.77,272.65,-4.01
2024/06/05-18:53:40.298466,400.32,-96.77,272.65,-4.01
2024/06/05-18:53:40.392451,400.32,-96.77,272.65,-4.01
2024/06/05-18:53:40.468419,400.32,-96.77,272.65,-4.01
2024/06/05-18:53:40.541797,400.32,-96.77,272.65,-4.01
2024/06/05-18:53:40.636599,400.32,-96.77,272.65,-4.01
2024/06/05-18:53:41.025994,400.32,-96.77,272.65,-4.01
2024/06/05-18:53:41.111384,400.32,-96.77,272.65,-4.01
2024/06/05-18:53:41.183947,400.32,-96.77,272.65,-4.01
2024/06/05-18:53:41.239646,400.32,-96.77,272.65,-4.01
2024/06/05-18:53:41.321598,400.32,-96.77,272.65,-4.01
2024/06/05-18:53:41.355670,400.32,-96.77,272.65,-4.01
2024/06/05-18:53:41.428639,400.32,-96.77,272.65,-4.01
2024/06/05-18:53:41.542636,400.32,-96.77,272.65,-4.01
2024/06/05-18:53:41.578803,400.32,-96.77,272.65,-4.01
2024/06/05-18:53:41.645974,400.32,-96.77,272.65,-4.01
2024/06/05-18:53:41.775771,400.32,-96.77,272.65,-4.01
2024/06/05-18:53:41.839400,400.32,-96.77,272.65,-4.01
2024/06/05-18:53:41.885607,400.32,-96.77,272.65,-4.01
2024/06/05-18:53:41.977409,400.32,-96.77,272.65,-4.01
2024/06/05-18:53:42.048369,400.32,-96.77,272.65,-4.01
2024/06/05-18:53:42.090489,400.32,-96.77,272.65,-4.01
2024/06/05-18:53:42.177518,400.32,-96.77,272.65,-4.01
2024/06/05-18:53:42.249065,400.32,-96.77,272.65,-4.01
2024/06/05-18:53:42.370388,400.32,-96.77,272.65,-4.01
2024/06/05-18:53:42.469107,400.32,-96.77,272.65,-4.01
2024/06/05-18:53:42.549016,400.32,-96.77,272.65,-4.01
2024/06/05-18:53:42.597690,400.32,-96.77,272.65,-4.01
2024/06/05-18:53:42.687928,400.32,-96.77,272.65,-4.01
2024/06/05-18:53:42.773247,400.32,-96.77,272.65,-4.01
2024/06/05-18:53:42.854230,400.32,-96.77,272.65,-4.01
2024/06/05-18:53:42.947042,400.32,-96.77,272.65,-4.01
2024/06/05-18:53:43.030797,400.32,-96.77,272.65,-4.01
2024/06/05-18:53:43.148006,400.32,-96.77,272.65,-4.01
2024/06/05-18:53:43.262245,400.32,-96.77,272.65,-4.01
2024/06/05-18:53:43.322671,400.32,-96.77,272.65,-4.01
2024/06/05-18:53:43.405924,400.32,-96.77,272.65,-4.01
2024/06/05-18:53:43.495062,400.32,-96.77,272.65,-4.01
2024/06/05-18:53:43.532232,400.32,-96.77,272.65,-4.01
2024/06/05-18:53:43.577120,400.32,-96.77,272.65,-4.01
2024/06/05-18:53:43.660130,400.32,-96.77,272.65,-4.01
2024/06/05-18:53:43.737205,400.32,-96.77,272.65,-4.01
2024/06/05-18:53:43.850822,400.32,-96.77,272.65,-4.01
2024/06/05-18:53:43.962752,400.32,-96.77,272.65,-4.01
2024/06/05-18:53:44.008847,400.32,-96.77,272.65,-4.01
2024/06/05-18:53:44.059298,400.32,-96.77,272.65,-4.01
2024/06/05-18:53:44.139488,400.32,-96.77,272.65,-4.01
2024/06/05-18:53:44.183941,400.32,-96.77,272.65,-4.01
2024/06/05-18:53:44.256265,400.32,-96.77,272.65,-4.01
2024/06/05-18:53:44.336668,400.32,-96.77,272.65,-4.01
2024/06/05-18:53:44.408754,400.32,-96.77,272.65,-4.01
2024/06/05-18:53:44.528240,400.32,-96.77,272.65,-4.01
2024/06/05-18:53:44.679764,400.32,-96.77,272.65,-4.01
2024/06/05-18:53:44.732391,400.32,-96.77,272.65,-4.01
2024/06/05-18:53:44.798534,400.32,-96.77,272.65,-4.01
2024/06/05-18:53:44.887924,400.32,-96.77,272.65,-4.01
2024/06/05-18:53:44.949472,400.32,-96.77,272.65,-4.01
2024/06/05-18:53:45.045897,400.32,-96.77,272.65,-4.01
2024/06/05-18:53:45.124937,400.32,-96.77,272.65,-4.01
2024/06/05-18:53:45.179876,400.32,-96.77,272.65,-4.01
2024/06/05-18:53:45.260001,400.32,-96.77,272.65,-4.01
2024/06/05-18:53:45.412695,400.32,-96.77,272.65,-4.01
2024/06/05-18:53:45.476657,400.32,-96.77,272.65,-4.01
2024/06/05-18:53:45.560300,400.32,-96.77,272.65,-4.01
2024/06/05-18:53:45.648082,400.32,-96.77,272.65,-4.01
2024/06/05-18:53:45.723796,400.32,-96.77,272.65,-4.01
2024/06/05-18:53:45.822818,400.32,-96.77,272.65,-4.01
2024/06/05-18:53:45.902217,400.32,-96.77,272.65,-4.01
2024/06/05-18:53:45.986763,400.32,-96.77,272.65,-4.01
2024/06/05-18:53:46.101374,400.32,-96.77,272.65,-4.01
2024/06/05-18:53:46.167460,400.32,-96.77,272.65,-4.01
2024/06/05-18:53:46.223143,400.32,-96.77,272.65,-4.01
2024/06/05-18:53:46.295796,400.32,-96.77,272.65,-4.01
2024/06/05-18:53:46.376457,400.32,-96.77,272.65,-4.01
2024/06/05-18:53:46.416388,400.32,-96.77,272.65,-4.01
2024/06/05-18:53:46.503339,400.32,-96.77,272.65,-4.01
2024/06/05-18:53:46.582754,400.32,-96.77,272.65,-4.01
2024/06/05-18:53:46.624378,400.32,-96.77,272.65,-4.01
2024/06/05-18:53:46.699110,400.32,-96.77,272.65,-4.01
2024/06/05-18:53:46.820524,400.32,-96.77,272.65,-4.01
2024/06/05-18:53:46.915300,400.32,-96.77,272.65,-4.01
2024/06/05-18:53:46.970274,400.32,-96.77,272.65,-4.01
2024/06/05-18:53:47.063190,400.32,-96.77,272.65,-4.01
2024/06/05-18:53:47.138356,400.32,-96.77,272.65,-4.01
2024/06/05-18:53:47.228980,400.32,-96.77,272.65,-4.01
2024/06/05-18:53:47.337723,400.32,-96.77,272.65,-4.01
2024/06/05-18:53:47.370374,400.32,-96.77,272.65,-4.01
2024/06/05-18:53:47.455617,400.32,-96.77,272.65,-4.01
2024/06/05-18:53:47.565243,400.32,-96.77,272.65,-4.01
2024/06/05-18:53:47.638739,400.32,-96.77,272.65,-4.01
2024/06/05-18:53:47.689286,400.32,-96.77,272.65,-4.01
2024/06/05-18:53:47.781455,400.32,-96.77,272.65,-4.01
2024/06/05-18:53:47.868376,400.32,-96.77,272.65,-4.01
2024/06/05-18:53:47.908304,400.32,-96.77,272.65,-4.01
2024/06/05-18:53:47.991832,400.32,-96.77,272.65,-4.01
2024/06/05-18:53:48.088621,400.32,-96.77,272.65,-4.01
2024/06/05-18:53:48.176176,400.32,-96.77,272.65,-4.01
2024/06/05-18:53:48.323515,400.32,-96.77,272.65,-4.01
2024/06/05-18:53:48.357176,400.32,-96.77,272.65,-4.01
2024/06/05-18:53:48.410781,400.32,-96.77,272.65,-4.01
2024/06/05-18:53:48.504450,400.32,-96.77,272.65,-4.01
2024/06/05-18:53:48.577323,400.32,-96.77,272.65,-4.01
2024/06/05-18:53:48.629135,400.32,-96.77,272.65,-4.01
2024/06/05-18:53:48.720167,400.32,-96.77,272.65,-4.01
2024/06/05-18:53:48.793957,400.32,-96.77,272.65,-4.01
2024/06/05-18:53:48.907536,400.32,-96.77,272.65,-4.01
2024/06/05-18:53:49.008112,400.32,-96.77,272.65,-4.01
2024/06/05-18:53:49.077100,400.32,-96.77,272.65,-4.01
2024/06/05-18:53:49.138955,400.32,-96.77,272.65,-4.01
2024/06/05-18:53:49.233167,400.32,-96.77,272.65,-4.01
2024/06/05-18:53:49.278015,400.32,-96.77,272.65,-4.01
2024/06/05-18:53:49.364037,400.32,-96.77,272.65,-4.01
2024/06/05-18:53:49.469557,400.32,-96.77,272.65,-4.01
2024/06/05-18:53:49.511438,400.32,-96.77,272.65,-4.01
2024/06/05-18:53:49.554987,400.32,-96.77,272.65,-4.01
2024/06/05-18:53:49.637336,400.32,-96.77,272.65,-4.01
2024/06/05-18:53:49.745652,400.32,-96.77,272.65,-4.01
2024/06/05-18:53:49.811385,400.32,-96.77,272.65,-4.01
2024/06/05-18:53:49.891404,400.32,-96.77,272.65,-4.01
2024/06/05-18:53:49.972912,400.32,-96.77,272.65,-4.01
2024/06/05-18:53:50.066862,400.32,-96.77,272.65,-4.01
2024/06/05-18:53:50.153171,400.32,-96.77,272.65,-4.01
2024/06/05-18:53:50.247803,400.32,-96.77,272.65,-4.01
2024/06/05-18:53:50.325049,400.32,-96.77,272.65,-4.01
2024/06/05-18:53:50.366477,400.32,-96.77,272.65,-4.01
2024/06/05-18:53:50.531263,400.32,-96.77,272.65,-4.01
2024/06/05-18:53:50.576780,400.32,-96.77,272.65,-4.01
2024/06/05-18:53:50.632999,400.32,-96.77,272.65,-4.01
2024/06/05-18:53:50.730154,400.32,-96.77,272.65,-4.01
2024/06/05-18:53:50.803332,400.32,-96.77,272.65,-4.01
2024/06/05-18:53:50.863769,400.32,-96.77,272.65,-4.01
2024/06/05-18:53:50.929506,400.32,-96.77,272.65,-4.01
2024/06/05-18:53:51.011105,400.32,-96.77,272.65,-4.01
2024/06/05-18:53:51.080866,400.32,-96.77,272.65,-4.01
2024/06/05-18:53:51.199049,400.32,-96.77,272.65,-4.01
2024/06/05-18:53:51.301484,400.32,-96.77,272.65,-4.01
2024/06/05-18:53:51.359124,400.32,-96.77,272.65,-4.01
2024/06/05-18:53:51.407574,400.32,-96.77,272.65,-4.01
2024/06/05-18:53:51.495991,400.32,-96.77,272.65,-4.01
2024/06/05-18:53:51.578409,400.32,-96.77,272.65,-4.01
2024/06/05-18:53:51.673030,400.32,-96.77,272.65,-4.01
2024/06/05-18:53:51.753134,400.32,-96.77,272.65,-4.01
2024/06/05-18:53:51.831247,400.32,-96.77,272.65,-4.01
2024/06/05-18:53:51.982774,400.32,-96.77,272.65,-4.01
2024/06/05-18:53:52.019491,400.32,-96.77,272.65,-4.01
2024/06/05-18:53:52.116013,400.32,-96.77,272.65,-4.01
2024/06/05-18:53:52.223368,400.32,-96.77,272.65,-4.01
2024/06/05-18:53:52.272027,400.32,-96.77,272.65,-4.01
2024/06/05-18:53:52.363795,400.32,-96.77,272.65,-4.01
2024/06/05-18:53:52.436025,400.32,-96.77,272.65,-4.01
2024/06/05-18:53:52.475550,400.32,-96.77,272.65,-4.01
2024/06/05-18:53:52.587663,400.32,-96.77,272.65,-4.01
2024/06/05-18:53:52.703782,400.32,-96.77,272.65,-4.01
2024/06/05-18:53:52.756291,400.32,-96.77,272.65,-4.01
2024/06/05-18:53:52.841410,400.32,-96.77,272.65,-4.01
2024/06/05-18:53:52.914719,400.32,-96.77,272.65,-4.01
2024/06/05-18:53:52.954702,400.32,-96.77,272.65,-4.01
2024/06/05-18:53:53.039170,400.32,-96.77,272.65,-4.01
2024/06/05-18:53:53.127387,400.32,-96.77,272.65,-4.01
2024/06/05-18:53:53.189193,400.32,-96.77,272.65,-4.01
2024/06/05-18:53:53.308147,400.32,-96.77,272.65,-4.01
2024/06/05-18:53:53.418202,400.32,-96.77,272.65,-4.01
2024/06/05-18:53:53.472066,400.32,-96.77,272.65,-4.01
2024/06/05-18:53:53.554902,400.32,-96.77,272.65,-4.01
2024/06/05-18:53:53.632535,400.32,-96.77,272.65,-4.01
2024/06/05-18:53:53.669441,400.32,-96.77,272.65,-4.01
2024/06/05-18:53:53.752260,400.32,-96.77,272.65,-4.01
2024/06/05-18:53:53.832116,400.32,-96.77,272.65,-4.01
2024/06/05-18:53:53.874277,400.32,-96.77,272.65,-4.01
2024/06/05-18:53:53.947469,400.32,-96.77,272.65,-4.01
2024/06/05-18:53:54.064488,400.32,-96.77,272.65,-4.01
2024/06/05-18:53:54.158948,400.32,-96.77,272.65,-4.01
2024/06/05-18:53:54.215625,400.32,-96.77,272.65,-4.01
2024/06/05-18:53:54.264402,400.32,-96.77,272.65,-4.01
2024/06/05-18:53:54.351897,400.32,-96.77,272.65,-4.01
2024/06/05-18:53:54.431482,400.32,-96.77,272.65,-4.01
2024/06/05-18:53:54.528720,400.32,-96.77,272.65,-4.01
2024/06/05-18:53:54.585067,400.32,-96.77,272.65,-4.01
2024/06/05-18:53:54.673961,400.32,-96.77,272.65,-4.01
2024/06/05-18:53:54.789744,400.32,-96.77,272.65,-4.01
2024/06/05-18:53:54.864268,400.32,-96.77,272.65,-4.01
2024/06/05-18:53:54.933321,400.32,-96.77,272.65,-4.01
2024/06/05-18:53:55.030260,400.32,-96.77,272.65,-4.01
2024/06/05-18:53:55.110972,400.32,-96.77,272.65,-4.01
2024/06/05-18:53:55.188677,400.32,-96.77,272.65,-4.01
2024/06/05-18:53:55.261203,400.32,-96.77,272.65,-4.01
2024/06/05-18:53:55.301585,400.32,-96.77,272.65,-4.01
2024/06/05-18:53:55.377896,400.32,-96.77,272.65,-4.01
2024/06/05-18:53:55.461337,400.32,-96.77,272.65,-4.01
2024/06/05-18:53:55.606829,400.32,-96.77,272.65,-4.01
2024/06/05-18:53:55.668813,400.32,-96.77,272.65,-4.01
2024/06/05-18:53:55.747230,400.32,-96.77,272.65,-4.01
2024/06/05-18:53:55.819728,400.32,-96.77,272.65,-4.01
2024/06/05-18:53:55.865475,400.32,-96.77,272.65,-4.01
2024/06/05-18:53:55.947213,400.32,-96.77,272.65,-4.01
2024/06/05-18:53:56.028304,400.32,-96.77,272.65,-4.01
2024/06/05-18:53:56.059659,400.32,-96.77,272.65,-4.01
2024/06/05-18:53:56.111293,400.32,-96.77,272.65,-4.01
2024/06/05-18:53:56.190514,400.32,-96.77,272.65,-4.01
2024/06/05-18:53:56.265645,400.32,-96.77,272.65,-4.01
2024/06/05-18:53:56.325706,400.32,-96.77,272.65,-4.01
2024/06/05-18:53:56.403972,400.32,-96.77,272.65,-4.01
2024/06/05-18:53:56.490541,400.32,-96.77,272.65,-4.01
2024/06/05-18:53:56.529594,400.32,-96.77,272.65,-4.01
2024/06/05-18:53:56.591666,400.32,-96.77,272.65,-4.01
2024/06/05-18:53:56.681886,400.32,-96.77,272.65,-4.01
2024/06/05-18:53:56.761075,400.32,-96.77,272.65,-4.01
2024/06/05-18:53:56.848195,400.32,-96.77,272.65,-4.01
2024/06/05-18:53:56.963645,400.32,-96.77,272.65,-4.01
2024/06/05-18:53:56.997811,400.32,-96.77,272.65,-4.01
2024/06/05-18:53:57.113639,400.32,-96.77,272.65,-4.01
2024/06/05-18:53:57.175655,400.32,-96.77,272.65,-4.01
2024/06/05-18:53:57.274580,400.32,-96.77,272.65,-4.01
2024/06/05-18:53:57.355309,400.32,-96.77,272.65,-4.01
2024/06/05-18:53:57.438389,400.32,-96.77,272.65,-4.01
2024/06/05-18:53:57.525923,400.32,-96.77,272.65,-4.01
2024/06/05-18:53:57.597894,400.32,-96.77,272.65,-4.01
2024/06/05-18:53:57.681393,400.32,-96.77,272.65,-4.01
2024/06/05-18:53:57.821246,400.32,-96.77,272.65,-4.01
2024/06/05-18:53:57.867618,400.32,-96.77,272.65,-4.01
2024/06/05-18:53:57.966843,400.32,-96.77,272.65,-4.01
2024/06/05-18:53:58.042200,400.32,-96.77,272.65,-4.01
2024/06/05-18:53:58.124776,400.32,-96.77,272.65,-4.01
2024/06/05-18:53:58.208680,400.32,-96.77,272.65,-4.01
2024/06/05-18:53:58.282024,400.32,-96.77,272.65,-4.01
2024/06/05-18:53:58.368054,400.32,-96.77,272.65,-4.01
2024/06/05-18:53:58.509450,400.32,-96.77,272.65,-4.01
2024/06/05-18:53:58.552310,400.32,-96.77,272.65,-4.01
2024/06/05-18:53:58.636874,400.32,-96.77,272.65,-4.01
2024/06/05-18:53:58.729513,400.32,-96.77,272.65,-4.01
2024/06/05-18:53:58.803518,400.32,-96.77,272.65,-4.01
2024/06/05-18:53:58.883740,400.32,-96.77,272.65,-4.01
2024/06/05-18:53:58.964473,400.32,-96.77,272.65,-4.01
2024/06/05-18:53:59.035121,400.32,-96.77,272.65,-4.01
2024/06/05-18:53:59.157781,400.32,-96.77,272.65,-4.01
2024/06/05-18:53:59.223177,400.32,-96.77,272.65,-4.01
2024/06/05-18:53:59.323630,400.32,-96.77,272.65,-4.01
2024/06/05-18:53:59.403996,400.32,-96.77,272.65,-4.01
2024/06/05-18:53:59.434366,400.32,-96.77,272.65,-4.01
2024/06/05-18:53:59.525690,400.32,-96.77,272.65,-4.01
2024/06/05-18:53:59.606689,400.32,-96.77,272.65,-4.01
2024/06/05-18:53:59.639169,400.32,-96.77,272.65,-4.01
2024/06/05-18:53:59.719050,400.32,-96.77,272.65,-4.01
2024/06/05-18:53:59.802635,400.32,-96.77,272.65,-4.01
2024/06/05-18:53:59.877617,400.32,-96.77,272.65,-4.01
2024/06/05-18:53:59.954179,400.32,-96.77,272.65,-4.01
2024/06/05-18:54:00.075599,400.32,-96.77,272.65,-4.01
2024/06/05-18:54:00.114090,400.32,-96.77,272.65,-4.01
2024/06/05-18:54:00.157373,400.32,-96.77,272.65,-4.01
2024/06/05-18:54:00.252495,400.32,-96.77,272.65,-4.01
2024/06/05-18:54:00.340289,400.32,-96.77,272.65,-4.01
2024/06/05-18:54:00.423127,400.32,-96.77,272.65,-4.01
2024/06/05-18:54:00.498283,400.32,-96.77,272.65,-4.01
2024/06/05-18:54:00.593575,400.32,-96.77,272.65,-4.01
2024/06/05-18:54:00.625331,400.32,-96.77,272.65,-4.01
2024/06/05-18:54:00.680731,400.32,-96.77,272.65,-4.01
2024/06/05-18:54:00.750686,400.32,-96.77,272.65,-4.01
2024/06/05-18:54:00.839301,400.32,-96.77,272.65,-4.01
2024/06/05-18:54:00.886357,400.32,-96.77,272.65,-4.01
2024/06/05-18:54:00.971982,400.32,-96.77,272.65,-4.01
2024/06/05-18:54:01.046502,400.32,-96.77,272.65,-4.01
2024/06/05-18:54:01.132116,400.32,-96.77,272.65,-4.01
2024/06/05-18:54:01.211668,400.32,-96.77,272.65,-4.01
2024/06/05-18:54:01.317946,400.32,-96.77,272.65,-4.01
2024/06/05-18:54:01.436855,400.32,-96.77,272.65,-4.01
2024/06/05-18:54:01.478492,400.32,-96.77,272.65,-4.01
2024/06/05-18:54:01.562919,400.32,-96.77,272.65,-4.01
2024/06/05-18:54:01.659125,400.32,-96.77,272.65,-4.01
2024/06/05-18:54:01.694486,400.32,-96.77,272.65,-4.01
2024/06/05-18:54:01.740896,400.32,-96.77,272.65,-4.01
2024/06/05-18:54:01.832873,400.32,-96.77,272.65,-4.01
2024/06/05-18:54:01.913280,400.32,-96.77,272.65,-4.01
2024/06/05-18:54:01.957967,400.32,-96.77,272.65,-4.01
2024/06/05-18:54:02.042788,400.32,-96.77,272.65,-4.01
2024/06/05-18:54:02.194365,400.32,-96.77,272.65,-4.01
2024/06/05-18:54:02.220212,400.32,-96.77,272.65,-4.01
2024/06/05-18:54:02.323792,400.32,-96.77,272.65,-4.01
2024/06/05-18:54:02.402661,400.32,-96.77,272.65,-4.01
2024/06/05-18:54:02.440798,400.32,-96.77,272.65,-4.01
2024/06/05-18:54:02.521855,400.32,-96.77,272.65,-4.01
2024/06/05-18:54:02.616531,400.32,-96.77,272.65,-4.01
2024/06/05-18:54:02.684674,400.32,-96.77,272.65,-4.01
2024/06/05-18:54:02.743456,400.32,-96.77,272.65,-4.01
2024/06/05-18:54:02.920148,400.32,-96.77,272.65,-4.01
2024/06/05-18:54:02.946240,400.32,-96.77,272.65,-4.01
2024/06/05-18:54:02.998090,400.32,-96.77,272.65,-4.01
2024/06/05-18:54:03.067525,400.32,-96.77,272.65,-4.01
2024/06/05-18:54:03.168563,400.32,-96.77,272.65,-4.01
2024/06/05-18:54:03.251101,400.32,-96.77,272.65,-4.01
2024/06/05-18:54:03.345863,400.32,-96.77,272.65,-4.01
2024/06/05-18:54:03.423700,400.32,-96.77,272.65,-4.01
2024/06/05-18:54:03.471611,400.32,-96.77,272.65,-4.01
2024/06/05-18:54:03.633905,400.32,-96.77,272.65,-4.01
2024/06/05-18:54:03.675398,400.32,-96.77,272.65,-4.01
2024/06/05-18:54:03.719078,400.32,-96.77,272.65,-4.01
2024/06/05-18:54:03.829416,400.32,-96.77,272.65,-4.01
2024/06/05-18:54:03.871808,400.32,-96.77,272.65,-4.01
2024/06/05-18:54:03.959514,400.32,-96.77,272.65,-4.01
2024/06/05-18:54:04.047318,400.32,-96.77,272.65,-4.01
2024/06/05-18:54:04.083372,400.32,-96.77,272.65,-4.01
2024/06/05-18:54:04.162927,400.32,-96.77,272.65,-4.01
2024/06/05-18:54:04.281363,400.32,-96.77,272.65,-4.01
2024/06/05-18:54:04.387034,400.32,-96.77,272.65,-4.01
2024/06/05-18:54:04.481314,400.32,-96.77,272.65,-4.01
2024/06/05-18:54:04.563551,400.32,-96.77,272.65,-4.01
2024/06/05-18:54:04.644028,400.32,-96.77,272.65,-4.01
2024/06/05-18:54:04.736336,400.32,-96.77,272.65,-4.01
2024/06/05-18:54:04.785067,400.32,-96.77,272.65,-4.01
2024/06/05-18:54:04.870084,400.32,-96.77,272.65,-4.01
2024/06/05-18:54:04.969498,400.32,-96.77,272.65,-4.01
2024/06/05-18:54:05.072013,400.32,-96.77,272.65,-4.01
2024/06/05-18:54:05.148566,400.32,-96.77,272.65,-4.01
2024/06/05-18:54:05.195721,400.32,-96.77,272.65,-4.01
2024/06/05-18:54:05.288596,400.32,-96.77,272.65,-4.01
2024/06/05-18:54:05.370647,400.32,-96.77,272.65,-4.01
2024/06/05-18:54:05.425719,400.32,-96.77,272.65,-4.01
2024/06/05-18:54:05.511998,400.32,-96.77,272.65,-4.01
2024/06/05-18:54:05.587911,400.32,-96.77,272.65,-4.01
2024/06/05-18:54:05.637203,400.32,-96.77,272.65,-4.01
2024/06/05-18:54:05.720678,400.32,-96.77,272.65,-4.01
2024/06/05-18:54:05.858248,400.32,-96.77,272.65,-4.01
2024/06/05-18:54:05.916417,400.32,-96.77,272.65,-4.01
2024/06/05-18:54:06.002541,400.32,-96.77,272.65,-4.01
2024/06/05-18:54:06.074794,400.32,-96.77,272.65,-4.01
2024/06/05-18:54:06.160111,400.32,-96.77,272.65,-4.01
2024/06/05-18:54:06.249305,400.32,-96.77,272.65,-4.01
2024/06/05-18:54:06.315085,400.32,-96.77,272.65,-4.01
2024/06/05-18:54:06.441955,400.32,-96.77,272.65,-4.01
2024/06/05-18:54:06.558495,400.32,-96.77,272.65,-4.01
2024/06/05-18:54:06.602066,400.32,-96.77,272.65,-4.01
2024/06/05-18:54:06.644163,400.32,-96.77,272.65,-4.01
2024/06/05-18:54:06.736721,400.32,-96.77,272.65,-4.01
2024/06/05-18:54:06.813753,400.32,-96.77,272.65,-4.01
2024/06/05-18:54:06.896041,400.32,-96.77,272.65,-4.01
2024/06/05-18:54:06.992903,400.32,-96.77,272.65,-4.01
2024/06/05-18:54:07.057978,400.32,-96.77,272.65,-4.01
2024/06/05-18:54:07.106358,400.32,-96.77,272.65,-4.01
2024/06/05-18:54:07.186850,400.32,-96.77,272.65,-4.01
2024/06/05-18:54:07.323902,400.32,-96.77,272.65,-4.01
2024/06/05-18:54:07.370453,400.32,-96.77,272.65,-4.01
2024/06/05-18:54:07.450032,400.32,-96.77,272.65,-4.01
2024/06/05-18:54:07.548207,400.32,-96.77,272.65,-4.01
2024/06/05-18:54:07.617182,400.32,-96.77,272.65,-4.01
2024/06/05-18:54:07.697070,400.32,-96.77,272.65,-4.01
2024/06/05-18:54:07.779442,400.32,-96.77,272.65,-4.01
2024/06/05-18:54:07.852344,400.32,-96.77,272.65,-4.01
2024/06/05-18:54:08.002110,400.32,-96.77,272.65,-4.01
2024/06/05-18:54:08.062336,400.32,-96.77,272.65,-4.01
2024/06/05-18:54:08.141774,400.32,-96.77,272.65,-4.01
2024/06/05-18:54:08.251599,400.32,-96.77,272.65,-4.01
2024/06/05-18:54:08.337064,400.32,-96.77,272.65,-4.01
2024/06/05-18:54:08.442819,400.32,-96.77,272.65,-4.01
2024/06/05-18:54:08.478517,400.32,-96.77,272.65,-4.01
2024/06/05-18:54:08.614552,400.32,-96.77,272.65,-4.01
2024/06/05-18:54:08.736937,400.32,-96.77,272.65,-4.01
2024/06/05-18:54:08.786688,400.32,-96.77,272.65,-4.01
2024/06/05-18:54:08.876012,400.32,-96.77,272.65,-4.01
2024/06/05-18:54:08.960351,400.32,-96.77,272.65,-4.01
2024/06/05-18:54:08.998181,400.32,-96.77,272.65,-4.01
2024/06/05-18:54:09.077530,400.32,-96.77,272.65,-4.01
2024/06/05-18:54:09.172285,400.32,-96.77,272.65,-4.01
2024/06/05-18:54:09.238964,400.32,-96.77,272.65,-4.01
2024/06/05-18:54:09.295107,400.32,-96.77,272.65,-4.01
2024/06/05-18:54:09.437605,400.32,-96.77,272.65,-4.01
2024/06/05-18:54:09.469157,400.32,-96.77,272.65,-4.01
2024/06/05-18:54:09.566903,400.32,-96.77,272.65,-4.01
2024/06/05-18:54:09.780755,400.32,-96.77,272.65,-4.01
2024/06/05-18:54:09.976025,400.32,-96.77,272.65,-4.01
2024/06/05-18:54:10.208613,399.96,-96.66,272.24,-4.01
2024/06/05-18:54:10.384512,398.81,-96.34,271.60,-4.01
2024/06/05-18:54:10.559024,398.81,-96.34,271.60,-4.01
2024/06/05-18:54:10.710311,398.44,-96.24,271.18,-4.01
2024/06/05-18:54:10.974010,393.29,-93.51,268.46,-3.84
2024/06/05-18:54:11.154064,390.09,-92.59,267.32,-3.81
2024/06/05-18:54:11.354846,386.56,-91.03,266.21,-3.73
2024/06/05-18:54:11.551536,384.97,-89.94,266.81,-3.61
2024/06/05-18:54:11.761065,382.60,-89.39,265.60,-3.69
2024/06/05-18:54:11.907525,380.66,-88.21,265.20,-3.56
2024/06/05-18:54:12.078644,379.89,-88.00,264.40,-3.56
2024/06/05-18:54:12.301544,377.99,-87.07,263.71,-3.62
2024/06/05-18:54:12.490025,376.73,-86.71,263.42,-3.59
2024/06/05-18:54:12.670059,375.85,-86.89,263.84,-3.91
2024/06/05-18:54:12.868743,375.07,-86.78,263.06,-3.99
2024/06/05-18:54:13.040258,374.39,-85.99,262.85,-3.90
2024/06/05-18:54:13.255391,373.18,-85.77,262.26,-3.98
2024/06/05-18:54:13.391084,372.97,-85.66,263.79,-3.90
2024/06/05-18:54:13.520633,372.97,-85.66,263.79,-3.90
2024/06/05-18:54:13.757939,372.15,-85.64,263.13,-4.05
2024/06/05-18:54:13.931437,371.73,-85.53,263.31,-4.05
2024/06/05-18:54:14.112862,371.46,-84.96,262.93,-4.04
2024/06/05-18:54:14.319515,371.07,-84.85,262.54,-4.04
2024/06/05-18:54:14.528588,370.65,-85.16,262.19,-4.36
2024/06/05-18:54:14.732078,370.64,-85.27,262.20,-4.44
2024/06/05-18:54:14.895365,369.95,-84.47,261.63,-4.33
2024/06/05-18:54:15.067085,370.47,-84.01,262.02,-4.25
2024/06/05-18:54:15.264687,371.23,-82.63,262.43,-4.14
2024/06/05-18:54:15.463423,371.84,-80.43,261.90,-4.18
2024/06/05-18:54:15.683989,372.45,-79.71,262.32,-4.24
2024/06/05-18:54:15.852501,372.69,-78.57,262.32,-4.07
2024/06/05-18:54:16.079761,373.12,-76.92,262.37,-4.20
2024/06/05-18:54:16.213947,372.66,-75.24,261.61,-4.09
2024/06/05-18:54:16.381752,372.66,-75.24,261.61,-4.09
2024/06/05-18:54:16.528563,371.94,-74.69,261.42,-4.16
2024/06/05-18:54:16.721821,370.10,-73.29,260.64,-4.15
2024/06/05-18:54:16.924312,368.17,-71.76,259.92,-4.01
2024/06/05-18:54:17.113825,367.62,-71.82,260.64,-4.14
2024/06/05-18:54:17.320134,366.21,-70.34,259.67,-3.97
2024/06/05-18:54:17.551431,365.41,-69.89,260.16,-4.11
2024/06/05-18:54:17.673258,364.70,-69.26,259.40,-4.11
2024/06/05-18:54:17.852894,363.91,-68.60,259.53,-4.08
2024/06/05-18:54:18.029984,362.73,-67.88,259.51,-4.08
2024/06/05-18:54:18.171380,362.73,-67.88,259.51,-4.08
2024/06/05-18:54:18.343468,362.42,-67.45,259.14,-4.15
2024/06/05-18:54:18.503651,362.42,-67.45,259.14,-4.15
2024/06/05-18:54:18.664208,361.58,-67.27,258.94,-4.15
2024/06/05-18:54:18.825256,361.14,-66.58,259.65,-4.03
2024/06/05-18:54:19.062998,360.30,-66.39,259.10,-4.02
2024/06/05-18:54:19.240433,359.98,-65.97,258.74,-4.10
2024/06/05-18:54:19.442493,359.98,-65.97,258.74,-4.10
2024/06/05-18:54:19.628958,359.95,-65.96,259.29,-4.10
2024/06/05-18:54:19.831118,359.64,-65.33,258.91,-4.01
2024/06/05-18:54:19.990537,359.64,-65.33,258.91,-4.01
2024/06/05-18:54:20.160065,359.64,-65.33,258.91,-4.01
2024/06/05-18:54:20.354977,359.64,-65.33,258.91,-4.01
2024/06/05-18:54:20.555596,359.24,-65.24,258.54,-4.01
2024/06/05-18:54:20.752715,359.24,-65.24,258.54,-4.01
2024/06/05-18:54:20.920361,359.24,-65.24,258.54,-4.01
2024/06/05-18:54:21.107641,359.24,-65.24,258.54,-4.01
2024/06/05-18:54:21.277432,359.24,-65.24,258.54,-4.01
2024/06/05-18:54:21.459505,358.93,-64.61,258.16,-3.92
2024/06/05-18:54:21.535582,358.93,-64.61,258.16,-3.92
2024/06/05-18:54:21.586874,358.93,-64.61,258.16,-3.92
2024/06/05-18:54:21.689342,358.93,-64.61,258.16,-3.92
2024/06/05-18:54:21.759736,358.93,-64.61,258.16,-3.92
2024/06/05-18:54:21.832563,358.93,-64.61,258.16,-3.92
2024/06/05-18:54:21.916491,358.93,-64.61,258.16,-3.92
2024/06/05-18:54:21.990744,358.93,-64.61,258.16,-3.92
2024/06/05-18:54:22.048464,358.93,-64.61,258.16,-3.92
2024/06/05-18:54:22.130982,358.93,-64.61,258.16,-3.92
2024/06/05-18:54:22.339689,358.93,-64.61,258.16,-3.92
2024/06/05-18:54:22.540775,358.93,-64.61,258.16,-3.92
2024/06/05-18:54:22.783074,358.44,-64.50,258.21,-3.90
2024/06/05-18:54:22.994074,358.44,-64.50,258.21,-3.90
2024/06/05-18:54:23.208498,358.74,-63.28,257.68,-3.96
2024/06/05-18:54:23.391388,359.72,-58.32,256.74,-3.81
2024/06/05-18:54:23.531509,359.72,-58.32,256.74,-3.81
2024/06/05-18:54:23.726406,360.37,-54.99,256.24,-3.92
2024/06/05-18:54:23.897632,361.13,-53.15,256.20,-4.12
2024/06/05-18:54:24.095714,361.51,-50.72,256.21,-3.93
2024/06/05-18:54:24.230515,362.27,-48.76,256.06,-4.06
2024/06/05-18:54:24.386540,362.60,-46.53,256.08,-4.03
2024/06/05-18:54:24.553059,362.60,-46.53,256.08,-4.03
2024/06/05-18:54:24.756805,363.35,-44.35,255.91,-4.00
2024/06/05-18:54:24.905652,364.01,-42.72,255.75,-4.05
2024/06/05-18:54:25.076801,364.14,-41.72,255.75,-3.96
2024/06/05-18:54:25.243869,364.18,-41.37,255.75,-4.03
2024/06/05-18:54:25.432286,364.24,-40.93,255.76,-4.03
2024/06/05-18:54:25.591282,364.30,-40.37,255.76,-3.94
2024/06/05-18:54:25.762625,364.30,-40.37,255.76,-3.94
2024/06/05-18:54:25.940689,364.79,-39.97,255.58,-3.93
2024/06/05-18:54:26.108083,364.84,-39.63,255.58,-4.01
2024/06/05-18:54:26.316931,364.94,-38.73,255.58,-4.00
2024/06/05-18:54:26.502546,365.00,-38.28,255.59,-3.99
2024/06/05-18:54:26.713736,365.05,-37.83,255.59,-3.98
2024/06/05-18:54:26.988302,365.54,-37.42,255.41,-3.98
2024/06/05-18:54:27.164853,365.54,-37.42,255.41,-3.98
2024/06/05-18:54:27.320706,365.59,-36.87,255.41,-3.89
2024/06/05-18:54:27.492785,365.59,-36.97,255.41,-3.97
2024/06/05-18:54:27.713973,365.63,-36.63,255.41,-4.05
2024/06/05-18:54:27.840634,365.63,-36.63,255.41,-4.05
2024/06/05-18:54:28.020332,365.68,-36.07,255.41,-3.96
2024/06/05-18:54:28.194975,365.68,-36.07,255.41,-3.96
2024/06/05-18:54:28.419953,365.67,-36.17,255.41,-4.04
2024/06/05-18:54:28.553887,365.67,-36.17,255.41,-4.04
2024/06/05-18:54:28.696039,365.67,-36.17,255.41,-4.04
2024/06/05-18:54:28.871554,365.75,-35.48,255.42,-4.19
2024/06/05-18:54:29.044732,365.93,-33.92,254.86,-4.01
2024/06/05-18:54:29.189280,366.10,-32.11,254.87,-3.98
2024/06/05-18:54:29.356480,366.10,-32.11,254.87,-3.98
2024/06/05-18:54:29.527807,366.64,-30.79,255.25,-3.96
2024/06/05-18:54:29.653552,366.71,-29.99,255.25,-4.03
2024/06/05-18:54:29.855395,366.78,-29.08,255.25,-4.02
2024/06/05-18:54:30.056516,366.84,-28.73,254.69,-4.10
2024/06/05-18:54:30.229763,366.88,-28.18,254.69,-4.01
2024/06/05-18:54:30.398278,367.34,-27.65,255.07,-3.92
2024/06/05-18:54:30.619018,367.36,-27.41,255.07,-4.08
2024/06/05-18:54:30.744291,367.36,-27.41,255.07,-4.08
2024/06/05-18:54:30.917811,367.39,-26.95,255.07,-4.07
2024/06/05-18:54:31.078203,367.39,-26.95,255.07,-4.07
2024/06/05-18:54:31.341423,367.39,-27.06,255.07,-4.15
2024/06/05-18:54:31.490689,367.43,-26.50,255.07,-4.06
2024/06/05-18:54:31.701161,367.43,-26.50,255.07,-4.06
2024/06/05-18:54:31.894561,367.43,-26.50,255.07,-4.06
2024/06/05-18:54:32.101053,367.47,-25.94,255.07,-3.98
2024/06/05-18:54:32.292155,367.47,-25.94,255.07,-3.98
2024/06/05-18:54:32.457445,367.47,-25.94,255.07,-3.98
2024/06/05-18:54:32.623089,367.51,-25.38,255.07,-3.89
2024/06/05-18:54:32.737305,367.51,-25.38,255.07,-3.89
2024/06/05-18:54:32.826606,367.53,-25.38,254.51,-3.89
2024/06/05-18:54:32.876218,367.53,-25.38,254.51,-3.89
2024/06/05-18:54:32.978527,367.53,-25.38,254.51,-3.89
2024/06/05-18:54:33.016059,367.53,-25.38,254.51,-3.89
2024/06/05-18:54:33.108404,367.53,-25.38,254.51,-3.89
2024/06/05-18:54:33.190679,367.53,-25.38,254.51,-3.89
2024/06/05-18:54:33.234641,367.53,-25.38,254.51,-3.89
2024/06/05-18:54:33.328219,367.53,-25.38,254.51,-3.89
2024/06/05-18:54:33.389491,367.53,-25.38,254.51,-3.89
2024/06/05-18:54:33.460625,367.53,-25.38,254.51,-3.89
2024/06/05-18:54:33.570386,367.53,-25.38,254.51,-3.89
2024/06/05-18:54:33.662937,367.53,-25.38,254.51,-3.89
2024/06/05-18:54:33.742579,367.53,-25.38,254.51,-3.89
2024/06/05-18:54:34.005872,367.53,-25.38,254.51,-3.89
2024/06/05-18:54:34.209618,367.53,-25.38,254.51,-3.89
2024/06/05-18:54:34.441515,367.54,-25.28,254.51,-3.81
2024/06/05-18:54:34.631066,367.53,-25.38,254.51,-3.89
2024/06/05-18:54:34.808717,367.56,-24.93,254.51,-3.88
2024/06/05-18:54:34.998586,367.62,-24.02,254.51,-3.87
2024/06/05-18:54:35.169625,367.62,-24.02,254.51,-3.87
2024/06/05-18:54:35.320453,367.66,-23.42,254.51,-4.10
2024/06/05-18:54:35.524004,367.69,-22.97,254.51,-4.09
2024/06/05-18:54:35.744386,368.14,-21.98,255.44,-4.00
2024/06/05-18:54:35.857498,368.16,-21.52,255.44,-4.00
2024/06/05-18:54:36.035762,368.19,-21.06,255.44,-3.99
2024/06/05-18:54:36.206252,368.23,-20.72,254.88,-4.06
2024/06/05-18:54:36.370371,368.23,-20.72,254.88,-4.06
2024/06/05-18:54:36.659376,368.26,-20.16,254.88,-3.98
2024/06/05-18:54:36.819715,368.29,-19.59,254.88,-3.89
2024/06/05-18:54:36.992917,368.69,-19.83,255.25,-4.05
2024/06/05-18:54:37.190059,368.69,-19.83,255.25,-4.05
2024/06/05-18:54:37.311167,368.69,-19.83,255.25,-4.05
2024/06/05-18:54:37.495520,368.72,-19.26,255.25,-3.96
2024/06/05-18:54:37.623925,368.72,-19.26,255.25,-3.96
2024/06/05-18:54:37.782127,368.77,-18.25,255.25,-3.87
2024/06/05-18:54:37.984668,368.79,-17.79,255.25,-3.86
2024/06/05-18:54:38.155903,368.79,-17.79,255.25,-3.86
2024/06/05-18:54:38.314524,368.83,-16.88,255.24,-3.85
2024/06/05-18:54:38.512334,368.83,-16.63,255.24,-4.01
2024/06/05-18:54:38.767229,368.84,-16.28,255.24,-4.08
2024/06/05-18:54:38.948296,368.87,-15.72,255.24,-3.99
2024/06/05-18:54:39.164253,368.87,-15.47,255.23,-4.15
2024/06/05-18:54:39.381980,368.89,-14.91,255.23,-4.06
2024/06/05-18:54:39.555491,368.92,-14.35,255.23,-3.98
2024/06/05-18:54:39.714815,368.92,-14.35,255.23,-3.98
2024/06/05-18:54:39.891658,368.94,-13.79,255.23,-3.89
2024/06/05-18:54:40.053677,368.92,-14.10,255.23,-4.13
2024/06/05-18:54:40.317985,368.94,-13.54,255.23,-4.04
2024/06/05-18:54:40.520686,368.94,-13.54,255.23,-4.04
2024/06/05-18:54:40.684245,368.96,-12.98,255.23,-3.96
2024/06/05-18:54:40.754256,368.96,-12.98,255.23,-3.96
2024/06/05-18:54:40.865526,368.96,-12.98,255.23,-3.96
2024/06/05-18:54:40.914991,368.96,-12.98,255.23,-3.96
2024/06/05-18:54:41.008021,368.96,-12.98,255.23,-3.96
2024/06/05-18:54:41.097718,368.96,-12.98,255.23,-3.96
2024/06/05-18:54:41.174668,368.96,-12.98,255.23,-3.96
2024/06/05-18:54:41.272412,368.96,-12.98,255.23,-3.96
2024/06/05-18:54:41.349786,368.96,-12.98,255.23,-3.96
2024/06/05-18:54:41.398140,368.96,-12.98,255.23,-3.96
2024/06/05-18:54:41.519547,368.96,-12.98,255.23,-3.96
2024/06/05-18:54:41.634542,368.96,-12.98,255.23,-3.96
2024/06/05-18:54:41.700905,368.96,-12.98,255.23,-3.96
2024/06/05-18:54:41.774774,368.96,-12.98,255.23,-3.96
2024/06/05-18:54:41.853170,368.96,-12.98,255.23,-3.96
2024/06/05-18:54:41.926231,368.96,-12.98,255.23,-3.96
2024/06/05-18:54:42.010870,368.96,-12.98,255.23,-3.96
2024/06/05-18:54:42.088467,368.96,-12.98,255.23,-3.96
2024/06/05-18:54:42.155572,368.96,-12.98,255.23,-3.96
2024/06/05-18:54:42.274288,368.96,-12.98,255.23,-3.96
2024/06/05-18:54:42.369882,368.96,-12.98,255.23,-3.96
2024/06/05-18:54:42.429761,368.96,-12.98,255.23,-3.96
2024/06/05-18:54:42.482772,368.96,-12.98,255.23,-3.96
2024/06/05-18:54:42.559848,368.96,-12.98,255.23,-3.96
2024/06/05-18:54:42.597484,368.96,-12.98,255.23,-3.96
2024/06/05-18:54:42.688344,368.96,-12.98,255.23,-3.96
2024/06/05-18:54:42.762969,368.96,-12.98,255.23,-3.96
2024/06/05-18:54:42.800536,368.96,-12.98,255.23,-3.96
2024/06/05-18:54:42.889023,368.96,-12.98,255.23,-3.96
2024/06/05-18:54:43.040704,368.96,-12.98,255.23,-3.96
2024/06/05-18:54:43.067132,368.96,-12.98,255.23,-3.96
2024/06/05-18:54:43.111961,368.96,-12.98,255.23,-3.96
2024/06/05-18:54:43.209095,368.96,-12.98,255.23,-3.96
2024/06/05-18:54:43.290333,368.96,-12.98,255.23,-3.96
2024/06/05-18:54:43.366681,368.96,-12.98,255.23,-3.96
2024/06/05-18:54:43.455696,368.96,-12.98,255.23,-3.96
2024/06/05-18:54:43.528563,368.96,-12.98,255.23,-3.96
2024/06/05-18:54:43.617360,368.96,-12.98,255.23,-3.96
2024/06/05-18:54:43.732149,368.96,-12.98,255.23,-3.96
2024/06/05-18:54:43.797024,368.96,-12.98,255.23,-3.96
2024/06/05-18:54:43.857309,368.96,-12.98,255.23,-3.96
2024/06/05-18:54:43.934720,368.96,-12.98,255.23,-3.96
2024/06/05-18:54:44.021902,368.96,-12.98,255.23,-3.96
2024/06/05-18:54:44.210948,368.96,-12.98,255.23,-3.96
2024/06/05-18:54:44.363060,368.96,-12.98,255.23,-3.96
2024/06/05-18:54:44.631501,368.96,-12.98,255.23,-3.96
2024/06/05-18:54:44.790064,369.37,-12.74,255.59,-4.11
2024/06/05-18:54:44.949935,369.37,-12.74,255.59,-4.11
2024/06/05-18:54:45.155648,369.37,-12.74,255.59,-4.11
2024/06/05-18:54:45.353386,369.81,-12.75,255.41,-4.11
2024/06/05-18:54:45.541081,370.22,-12.76,255.78,-4.11
2024/06/05-18:54:45.716860,371.08,-12.79,255.97,-4.11
2024/06/05-18:54:45.907354,371.52,-12.80,255.79,-4.11
2024/06/05-18:54:46.146514,372.79,-12.83,256.35,-4.11
2024/06/05-18:54:46.306349,374.10,-12.86,256.25,-4.11
2024/06/05-18:54:46.473825,374.51,-12.30,256.73,-4.03
2024/06/05-18:54:46.690638,376.24,-12.34,256.54,-4.03
2024/06/05-18:54:46.891194,377.57,-11.80,256.43,-3.94
2024/06/05-18:54:47.097239,378.46,-11.24,256.04,-3.85
2024/06/05-18:54:47.253771,378.91,-10.67,255.85,-3.76
2024/06/05-18:54:47.445331,379.79,-10.32,255.45,-3.84
2024/06/05-18:54:47.567464,379.79,-10.32,255.45,-3.84
2024/06/05-18:54:47.731544,380.65,-9.86,255.63,-3.83
2024/06/05-18:54:47.891250,381.08,-9.87,255.44,-3.83
2024/06/05-18:54:48.002768,381.56,-9.29,255.13,-3.74
2024/06/05-18:54:48.248925,382.40,-9.62,255.20,-3.98
2024/06/05-18:54:48.430983,382.43,-9.62,254.62,-3.98
2024/06/05-18:54:48.593455,382.84,-9.25,255.00,-4.06
2024/06/05-18:54:48.706711,382.84,-9.25,255.00,-4.06
2024/06/05-18:54:48.934575,382.87,-9.25,254.42,-4.06
2024/06/05-18:54:49.065615,383.28,-9.26,254.80,-4.06
2024/06/05-18:54:49.226946,383.76,-9.26,254.39,-4.05
2024/06/05-18:54:49.398190,383.76,-9.26,254.39,-4.05
2024/06/05-18:54:49.638892,383.77,-8.68,254.39,-3.97
2024/06/05-18:54:49.762702,383.77,-8.68,254.39,-3.97
2024/06/05-18:54:49.911184,384.18,-8.68,254.77,-3.97
2024/06/05-18:54:50.132485,384.18,-8.68,254.77,-3.97
2024/06/05-18:54:50.359153,384.18,-8.68,254.77,-3.97
2024/06/05-18:54:50.547552,384.21,-8.68,254.19,-3.97
2024/06/05-18:54:50.584951,384.21,-8.68,254.19,-3.97
2024/06/05-18:54:50.660840,384.21,-8.68,254.19,-3.97
2024/06/05-18:54:50.747671,384.21,-8.68,254.19,-3.97
2024/06/05-18:54:50.813252,384.21,-8.68,254.19,-3.97
2024/06/05-18:54:50.865213,384.21,-8.68,254.19,-3.97
2024/06/05-18:54:50.944881,384.21,-8.68,254.19,-3.97
2024/06/05-18:54:51.042731,384.21,-8.68,254.19,-3.97
2024/06/05-18:54:51.110014,384.21,-8.68,254.19,-3.97
2024/06/05-18:54:51.203876,384.21,-8.68,254.19,-3.97
2024/06/05-18:54:51.291920,384.21,-8.68,254.19,-3.97
2024/06/05-18:54:51.377885,384.21,-8.68,254.19,-3.97
2024/06/05-18:54:51.448331,384.21,-8.68,254.19,-3.97
2024/06/05-18:54:51.487828,384.21,-8.68,254.19,-3.97
2024/06/05-18:54:51.569407,384.21,-8.68,254.19,-3.97
2024/06/05-18:54:51.803128,384.21,-8.68,254.19,-3.97
2024/06/05-18:54:52.005936,384.21,-8.68,254.19,-3.97
2024/06/05-18:54:52.169138,384.21,-8.68,254.19,-3.97
2024/06/05-18:54:52.327299,384.21,-8.68,254.19,-3.97
2024/06/05-18:54:52.555542,384.61,-8.69,254.57,-3.97
2024/06/05-18:54:52.683086,384.61,-8.69,254.57,-3.97
2024/06/05-18:54:52.833804,385.05,-8.69,254.37,-3.97
2024/06/05-18:54:53.046660,385.48,-8.70,254.17,-3.97
2024/06/05-18:54:53.197829,386.33,-8.71,254.34,-3.97
2024/06/05-18:54:53.353482,386.33,-8.71,254.34,-3.97
2024/06/05-18:54:53.517363,387.14,-8.72,255.11,-3.97
2024/06/05-18:54:53.696952,387.97,-9.32,255.29,-4.05
2024/06/05-18:54:53.895924,388.40,-9.32,255.09,-4.05
2024/06/05-18:54:54.076098,388.83,-9.33,254.88,-4.05
2024/06/05-18:54:54.243135,388.82,-9.92,254.88,-4.14
2024/06/05-18:54:54.404066,389.66,-9.93,255.06,-4.14
2024/06/05-18:54:54.558104,389.66,-9.93,255.06,-4.14
2024/06/05-18:54:54.769618,390.48,-10.54,255.24,-4.23
2024/06/05-18:54:54.907604,390.90,-11.14,255.03,-4.32
2024/06/05-18:54:55.115393,390.92,-11.14,254.44,-4.31
2024/06/05-18:54:55.273978,391.33,-11.15,254.83,-4.32
2024/06/05-18:54:55.499384,391.79,-11.05,254.52,-4.23
2024/06/05-18:54:55.632967,392.15,-11.65,255.01,-4.32
2024/06/05-18:54:55.803469,392.64,-11.55,254.59,-4.24
2024/06/05-18:54:55.999531,392.64,-11.55,254.59,-4.24
2024/06/05-18:54:56.259371,393.07,-11.56,254.38,-4.24
2024/06/05-18:54:56.423305,393.08,-12.16,253.78,-4.32
2024/06/05-18:54:56.592534,393.48,-12.17,254.17,-4.32
2024/06/05-18:54:56.761217,393.48,-12.17,254.17,-4.32
2024/06/05-18:54:56.983891,393.49,-12.07,254.17,-4.24
2024/06/05-18:54:57.149917,393.49,-12.07,254.17,-4.24
2024/06/05-18:54:57.311842,393.90,-12.07,254.56,-4.24
2024/06/05-18:54:57.494335,393.92,-12.07,253.96,-4.24
2024/06/05-18:54:57.705670,393.95,-12.07,253.86,-4.24
2024/06/05-18:54:57.916035,393.96,-11.86,253.86,-4.08
2024/06/05-18:54:58.087746,393.97,-11.76,253.87,-4.00
2024/06/05-18:54:58.331807,394.38,-11.66,254.25,-3.92
2024/06/05-18:54:58.435481,394.40,-11.66,254.15,-3.92
2024/06/05-18:54:58.463703,394.40,-11.66,254.15,-3.92
2024/06/05-18:54:58.565202,394.40,-11.66,254.15,-3.92
2024/06/05-18:54:58.649022,394.40,-11.66,254.15,-3.92
2024/06/05-18:54:58.720550,394.40,-11.66,254.15,-3.92
2024/06/05-18:54:58.812184,394.41,-11.56,254.15,-3.84
2024/06/05-18:54:59.010142,394.41,-11.56,254.15,-3.84
2024/06/05-18:54:59.245455,394.41,-11.56,254.15,-3.84
2024/06/05-18:54:59.447387,394.41,-11.56,254.15,-3.84
2024/06/05-18:54:59.610807,394.43,-11.35,254.16,-3.68
2024/06/05-18:54:59.815019,394.39,-12.16,254.15,-3.92
2024/06/05-18:54:59.891612,394.39,-12.16,254.15,-3.92
2024/06/05-18:54:59.970469,394.39,-12.16,254.15,-3.92
2024/06/05-18:55:00.035154,394.41,-11.95,254.16,-3.76
2024/06/05-18:55:00.099475,394.41,-11.95,254.16,-3.76
2024/06/05-18:55:00.147694,394.41,-11.95,254.16,-3.76
2024/06/05-18:55:00.231305,394.42,-11.74,254.16,-3.60
2024/06/05-18:55:00.389293,394.42,-11.74,254.16,-3.60
2024/06/05-18:55:00.535174,394.42,-11.74,254.16,-3.60
2024/06/05-18:55:00.604727,394.42,-11.74,254.16,-3.60
2024/06/05-18:55:00.684411,394.42,-11.74,254.16,-3.60
2024/06/05-18:55:00.896339,394.42,-11.74,254.16,-3.60
2024/06/05-18:55:01.057504,394.42,-11.74,254.16,-3.60
2024/06/05-18:55:01.187332,394.45,-11.74,253.56,-3.60
2024/06/05-18:55:01.422216,394.46,-11.14,253.56,-3.51
2024/06/05-18:55:01.585496,394.46,-11.14,253.56,-3.51
2024/06/05-18:55:01.732431,394.46,-11.14,253.56,-3.51
2024/06/05-18:55:01.923099,394.46,-11.14,253.56,-3.51
2024/06/05-18:55:02.078024,394.46,-11.14,253.56,-3.51
2024/06/05-18:55:02.240732,394.46,-11.14,253.56,-3.51
2024/06/05-18:55:02.425377,394.48,-11.24,252.96,-3.59
2024/06/05-18:55:02.587952,394.48,-11.24,252.96,-3.59
2024/06/05-18:55:02.872477,394.50,-11.25,252.36,-3.59
2024/06/05-18:55:03.060948,394.50,-11.35,252.36,-3.68
2024/06/05-18:55:03.216564,394.50,-11.35,252.36,-3.68
2024/06/05-18:55:03.402761,394.52,-11.35,251.76,-3.68
2024/06/05-18:55:03.563225,394.52,-11.35,251.76,-3.68
2024/06/05-18:55:03.733215,394.52,-11.35,251.76,-3.68
2024/06/05-18:55:03.903358,394.52,-11.35,251.76,-3.68
2024/06/05-18:55:04.101870,394.54,-11.35,251.17,-3.67
2024/06/05-18:55:04.241995,394.53,-11.56,251.16,-3.84
2024/06/05-18:55:04.385520,394.53,-11.56,251.16,-3.84
2024/06/05-18:55:04.587558,394.51,-12.16,251.16,-3.92
2024/06/05-18:55:04.671356,394.51,-12.16,251.16,-3.92
2024/06/05-18:55:04.765867,394.51,-12.16,251.16,-3.92
2024/06/05-18:55:04.849292,394.50,-12.27,251.16,-4.00
2024/06/05-18:55:04.959850,394.50,-12.27,251.16,-4.00
2024/06/05-18:55:05.000903,394.50,-12.27,251.16,-4.00
2024/06/05-18:55:05.051099,394.50,-12.27,251.16,-4.00
2024/06/05-18:55:05.137514,394.50,-12.27,251.16,-4.00
2024/06/05-18:55:05.211176,394.49,-12.37,251.16,-4.08
2024/06/05-18:55:05.297601,394.49,-12.37,251.16,-4.08
2024/06/05-18:55:05.375260,394.49,-12.37,251.16,-4.08
2024/06/05-18:55:05.417767,394.49,-12.47,251.16,-4.16
2024/06/05-18:55:05.578194,394.49,-12.47,251.16,-4.16
2024/06/05-18:55:05.748821,394.49,-12.37,251.16,-4.08
2024/06/05-18:55:05.897898,394.49,-12.47,251.16,-4.16
2024/06/05-18:55:06.056635,394.89,-12.48,251.54,-4.16
2024/06/05-18:55:06.223112,394.91,-11.88,251.54,-4.08
2024/06/05-18:55:06.433794,394.93,-11.88,250.94,-4.08
2024/06/05-18:55:06.606952,394.91,-12.48,250.94,-4.16
2024/06/05-18:55:06.726769,394.91,-12.48,250.94,-4.16
2024/06/05-18:55:06.919811,394.91,-13.09,250.34,-4.25
2024/06/05-18:55:07.115938,394.91,-13.09,250.34,-4.25
2024/06/05-18:55:07.289990,394.89,-13.69,250.34,-4.34
2024/06/05-18:55:07.495121,394.89,-14.29,249.74,-4.43
2024/06/05-18:55:07.663646,394.93,-14.29,249.04,-4.42
2024/06/05-18:55:07.864658,394.89,-14.89,249.14,-4.51
2024/06/05-18:55:08.033482,394.90,-14.78,249.15,-4.43
2024/06/05-18:55:08.200330,394.92,-14.68,248.55,-4.35
2024/06/05-18:55:08.392699,394.92,-14.68,248.55,-4.35
2024/06/05-18:55:08.619445,394.90,-15.28,248.55,-4.44
2024/06/05-18:55:08.759446,394.90,-15.28,248.55,-4.44
2024/06/05-18:55:08.926432,394.90,-15.28,248.55,-4.44
2024/06/05-18:55:09.095885,394.91,-15.28,247.95,-4.44
2024/06/05-18:55:09.133078,394.91,-15.28,247.95,-4.44
2024/06/05-18:55:09.219972,395.32,-15.29,248.33,-4.44
2024/06/05-18:55:09.372663,395.32,-15.29,248.33,-4.44
2024/06/05-18:55:09.490133,395.33,-15.19,248.34,-4.36
2024/06/05-18:55:09.671856,395.33,-15.19,248.34,-4.36
2024/06/05-18:55:09.838824,395.35,-14.98,248.34,-4.20
2024/06/05-18:55:10.033746,395.34,-15.37,248.34,-4.12
2024/06/05-18:55:10.269975,395.35,-15.16,248.35,-3.96
2024/06/05-18:55:10.474906,395.36,-15.06,248.35,-3.88
2024/06/05-18:55:10.639664,395.35,-15.56,248.35,-3.89
2024/06/05-18:55:10.857338,395.36,-15.56,247.75,-3.89
2024/06/05-18:55:11.038680,395.36,-15.56,247.75,-3.89
2024/06/05-18:55:11.168479,395.36,-15.56,247.75,-3.89
2024/06/05-18:55:11.335764,395.77,-15.57,248.13,-3.89
2024/06/05-18:55:11.536189,395.77,-15.57,248.13,-3.89
2024/06/05-18:55:11.670910,395.78,-15.47,248.13,-3.81
2024/06/05-18:55:11.842546,396.20,-15.48,247.92,-3.81
2024/06/05-18:55:12.010487,396.20,-15.48,247.92,-3.81
2024/06/05-18:55:12.224324,396.20,-15.48,247.92,-3.81
2024/06/05-18:55:12.375418,396.20,-15.48,247.92,-3.81
2024/06/05-18:55:12.511891,396.20,-15.48,247.92,-3.81
2024/06/05-18:55:12.683036,396.20,-15.48,247.92,-3.81
2024/06/05-18:55:12.856445,396.20,-15.48,247.92,-3.81
2024/06/05-18:55:13.064879,396.61,-15.49,248.30,-3.81
2024/06/05-18:55:13.210768,396.61,-15.49,248.30,-3.81
2024/06/05-18:55:13.383758,396.61,-15.49,248.30,-3.81
2024/06/05-18:55:13.547685,396.61,-15.49,248.30,-3.81
2024/06/05-18:55:13.723163,397.02,-15.51,248.68,-3.81
2024/06/05-18:55:13.876676,397.02,-15.51,248.68,-3.81
2024/06/05-18:55:14.079042,397.05,-14.90,248.68,-3.72
2024/06/05-18:55:14.240380,397.05,-14.90,248.68,-3.72
2024/06/05-18:55:14.445880,397.05,-14.90,248.68,-3.72
2024/06/05-18:55:14.635496,397.05,-14.90,248.68,-3.72
2024/06/05-18:55:14.810081,397.45,-15.02,249.06,-3.80
2024/06/05-18:55:14.970703,397.45,-15.02,249.06,-3.80
2024/06/05-18:55:15.049450,397.49,-14.42,248.46,-3.72
2024/06/05-18:55:15.164482,397.49,-14.42,248.46,-3.72
2024/06/05-18:55:15.267049,397.48,-14.52,248.46,-3.80
2024/06/05-18:55:15.349767,397.48,-14.52,248.46,-3.80
2024/06/05-18:55:15.445127,397.48,-14.52,248.46,-3.80
2024/06/05-18:55:15.515010,397.48,-14.52,248.46,-3.80
2024/06/05-18:55:15.685389,397.48,-14.52,248.46,-3.80
2024/06/05-18:55:15.945940,397.48,-14.52,248.46,-3.80
2024/06/05-18:55:16.061644,397.48,-14.52,248.46,-3.80
2024/06/05-18:55:16.207394,397.48,-14.52,248.46,-3.80
2024/06/05-18:55:16.384406,397.50,-13.91,248.46,-3.71
2024/06/05-18:55:16.631570,397.48,-13.91,249.06,-3.71
2024/06/05-18:55:16.814021,397.48,-14.02,249.06,-3.79
2024/06/05-18:55:16.976932,397.48,-14.02,249.06,-3.79
2024/06/05-18:55:17.176387,397.50,-14.02,248.95,-3.79
2024/06/05-18:55:17.343671,397.91,-13.42,249.44,-3.70
2024/06/05-18:55:17.510440,397.92,-12.92,249.44,-3.70
2024/06/05-18:55:17.684676,398.33,-12.64,249.82,-3.85
2024/06/05-18:55:17.818988,398.34,-11.85,249.81,-4.00
2024/06/05-18:55:17.993117,398.75,-11.35,250.19,-3.99
2024/06/05-18:55:18.171511,398.75,-11.35,250.19,-3.99
2024/06/05-18:55:18.367332,398.75,-10.75,250.79,-3.90
2024/06/05-18:55:18.527650,398.74,-10.45,250.79,-4.06
2024/06/05-18:55:18.756883,398.75,-10.06,250.78,-4.13
2024/06/05-18:55:18.956737,398.74,-9.26,250.77,-4.28
2024/06/05-18:55:19.123420,399.16,-8.66,251.15,-4.19
2024/06/05-18:55:19.301159,399.18,-8.76,250.55,-4.27
2024/06/05-18:55:19.461967,399.59,-8.16,250.93,-4.18
2024/06/05-18:55:19.747512,399.61,-7.76,250.32,-4.26
2024/06/05-18:55:19.954516,399.62,-7.15,250.32,-4.17
2024/06/05-18:55:20.119139,400.03,-7.15,250.70,-4.17
2024/06/05-18:55:20.331525,400.03,-6.65,250.70,-4.16
2024/06/05-18:55:20.508520,400.03,-6.65,250.70,-4.16
2024/06/05-18:55:20.670255,400.45,-6.04,251.09,-4.08
2024/06/05-18:55:20.833103,400.47,-6.04,250.48,-4.08
2024/06/05-18:55:21.064588,400.06,-6.04,250.10,-4.08
2024/06/05-18:55:21.208877,400.10,-6.04,249.38,-4.07
2024/06/05-18:55:21.384827,400.08,-6.04,249.49,-4.08
2024/06/05-18:55:21.552746,400.08,-6.04,249.49,-4.08
2024/06/05-18:55:21.814250,400.10,-6.04,248.88,-4.08
2024/06/05-18:55:21.943815,400.10,-6.04,248.88,-4.08
2024/06/05-18:55:22.142339,399.69,-6.04,248.50,-4.08
2024/06/05-18:55:22.372834,399.69,-6.04,248.50,-4.08
2024/06/05-18:55:22.569560,399.71,-6.04,247.89,-4.08
2024/06/05-18:55:22.781079,399.70,-6.65,247.89,-4.16
2024/06/05-18:55:22.935250,399.70,-6.65,247.89,-4.16
2024/06/05-18:55:23.144849,400.10,-6.65,248.28,-4.16
2024/06/05-18:55:23.355659,400.09,-7.26,248.28,-4.25
2024/06/05-18:55:23.510665,400.09,-7.26,248.28,-4.25
2024/06/05-18:55:23.674245,400.09,-7.26,248.28,-4.25
2024/06/05-18:55:23.893965,400.08,-7.87,248.28,-4.34
2024/06/05-18:55:24.033053,400.08,-7.87,248.28,-4.34
2024/06/05-18:55:24.238666,400.09,-7.76,248.28,-4.26
2024/06/05-18:55:24.433005,400.09,-7.76,248.28,-4.26
2024/06/05-18:55:24.681819,400.09,-8.37,247.67,-4.34
2024/06/05-18:55:24.821312,400.09,-8.37,247.67,-4.34
2024/06/05-18:55:25.005033,400.09,-8.37,247.67,-4.34
2024/06/05-18:55:25.172008,400.09,-8.37,247.67,-4.34
2024/06/05-18:55:25.406731,400.08,-8.27,248.28,-4.26
2024/06/05-18:55:25.554091,400.08,-8.27,248.28,-4.26
2024/06/05-18:55:25.786925,400.08,-8.77,248.29,-4.27
2024/06/05-18:55:25.992485,400.08,-9.17,248.29,-4.20
2024/06/05-18:55:26.239712,400.11,-9.06,248.19,-4.11
2024/06/05-18:55:26.401414,400.08,-9.57,248.30,-4.12
2024/06/05-18:55:26.572865,400.08,-9.57,248.30,-4.12
2024/06/05-18:55:26.755254,400.09,-9.47,248.30,-4.04
2024/06/05-18:55:26.949465,400.09,-9.47,248.30,-4.04
2024/06/05-18:55:27.143553,400.09,-9.47,248.30,-4.04
2024/06/05-18:55:27.303624,400.08,-9.97,248.30,-4.05
2024/06/05-18:55:27.563372,400.11,-9.55,248.31,-3.73
2024/06/05-18:55:27.696734,400.10,-10.16,248.31,-3.82
2024/06/05-18:55:27.891464,400.50,-10.17,248.70,-3.82
2024/06/05-18:55:28.038369,400.49,-10.78,248.70,-3.90
2024/06/05-18:55:28.210646,400.49,-10.67,248.70,-3.82
2024/06/05-18:55:28.411928,400.49,-10.67,248.70,-3.82
2024/06/05-18:55:28.545940,400.49,-10.67,248.70,-3.82
2024/06/05-18:55:28.713602,400.49,-10.67,248.70,-3.82
2024/06/05-18:55:28.904486,400.48,-11.28,248.70,-3.91
2024/06/05-18:55:29.084730,400.46,-11.89,248.70,-4.00
2024/06/05-18:55:29.219126,400.49,-11.47,248.71,-3.68
2024/06/05-18:55:29.407421,400.06,-12.07,248.33,-3.76
2024/06/05-18:55:29.569494,400.06,-12.07,248.33,-3.76
2024/06/05-18:55:29.796854,400.04,-12.68,248.33,-3.85
2024/06/05-18:55:29.909867,400.04,-12.68,248.33,-3.85
2024/06/05-18:55:30.083147,400.45,-12.69,248.71,-3.85
2024/06/05-18:55:30.253754,400.45,-12.69,248.71,-3.85
2024/06/05-18:55:30.454531,400.45,-12.69,248.71,-3.85
2024/06/05-18:55:30.609893,400.45,-12.69,248.71,-3.85
2024/06/05-18:55:30.769136,400.45,-12.69,248.71,-3.85
2024/06/05-18:55:30.934970,400.45,-12.69,248.71,-3.85
2024/06/05-18:55:31.104946,400.43,-13.30,248.71,-3.94
2024/06/05-18:55:31.257944,400.43,-13.30,248.71,-3.94
2024/06/05-18:55:31.298062,400.43,-13.30,248.71,-3.94
2024/06/05-18:55:31.350609,400.43,-13.30,248.71,-3.94
2024/06/05-18:55:31.429694,400.43,-13.30,248.71,-3.94
2024/06/05-18:55:31.516229,400.43,-13.30,248.71,-3.94
2024/06/05-18:55:31.552783,400.43,-13.30,248.71,-3.94
2024/06/05-18:55:31.640422,400.43,-13.30,248.71,-3.94
2024/06/05-18:55:31.708722,400.43,-13.30,248.71,-3.94
2024/06/05-18:55:31.750291,400.43,-13.30,248.71,-3.94
2024/06/05-18:55:31.831441,400.43,-13.30,248.71,-3.94
2024/06/05-18:55:31.942229,400.43,-13.30,248.71,-3.94
2024/06/05-18:55:32.012233,400.43,-13.30,248.71,-3.94
2024/06/05-18:55:32.106029,400.43,-13.30,248.71,-3.94
2024/06/05-18:55:32.191100,400.43,-13.30,248.71,-3.94
2024/06/05-18:55:32.272257,400.43,-13.30,248.71,-3.94
2024/06/05-18:55:32.357036,400.43,-13.30,248.71,-3.94
2024/06/05-18:55:32.461791,400.43,-13.30,248.71,-3.94
2024/06/05-18:55:32.539078,400.43,-13.30,248.71,-3.94
2024/06/05-18:55:32.687661,400.43,-13.30,248.71,-3.94
2024/06/05-18:55:32.772343,400.43,-13.30,248.71,-3.94
2024/06/05-18:55:32.817094,400.43,-13.30,248.71,-3.94
2024/06/05-18:55:32.919692,400.43,-13.30,248.71,-3.94
2024/06/05-18:55:33.125977,400.43,-13.30,248.71,-3.94
2024/06/05-18:55:33.287642,400.43,-13.30,248.71,-3.94
2024/06/05-18:55:33.510635,400.43,-13.30,248.71,-3.94
2024/06/05-18:55:33.675563,400.43,-13.30,248.71,-3.94
2024/06/05-18:55:33.829949,400.43,-13.30,248.71,-3.94
2024/06/05-18:55:33.996591,400.00,-13.90,248.33,-4.02
2024/06/05-18:55:34.190132,400.02,-13.90,247.72,-4.02
2024/06/05-18:55:34.330295,400.02,-13.90,247.72,-4.02
2024/06/05-18:55:34.502058,400.02,-13.90,247.72,-4.02
2024/06/05-18:55:34.668290,400.02,-13.90,247.72,-4.02
2024/06/05-18:55:34.824127,399.63,-13.28,247.34,-3.94
2024/06/05-18:55:34.980158,399.63,-13.28,247.34,-3.94
2024/06/05-18:55:35.119006,399.63,-13.28,247.34,-3.94
2024/06/05-18:55:35.262613,399.61,-13.89,247.34,-4.02
2024/06/05-18:55:35.397541,399.20,-13.88,246.96,-4.02
2024/06/05-18:55:35.468397,399.20,-13.88,246.96,-4.02
2024/06/05-18:55:35.636799,399.20,-13.88,246.96,-4.02
2024/06/05-18:55:35.819670,399.20,-13.88,246.96,-4.02
2024/06/05-18:55:35.991107,399.20,-13.88,246.96,-4.02
2024/06/05-18:55:36.204032,399.20,-13.88,246.96,-4.02
2024/06/05-18:55:36.426460,399.21,-13.88,246.35,-4.02
2024/06/05-18:55:36.555773,399.21,-13.88,246.35,-4.02
2024/06/05-18:55:36.757951,399.23,-13.67,246.35,-3.86
2024/06/05-18:55:36.929977,399.23,-13.67,246.35,-3.86
2024/06/05-18:55:37.081973,398.78,-14.27,246.58,-3.95
2024/06/05-18:55:37.262344,398.79,-14.16,246.58,-3.87
2024/06/05-18:55:37.440084,398.76,-14.87,246.58,-4.04
2024/06/05-18:55:37.537777,398.76,-14.87,246.58,-4.04
2024/06/05-18:55:37.612108,398.77,-14.77,246.58,-3.96
2024/06/05-18:55:37.791891,398.77,-14.77,246.58,-3.96
2024/06/05-18:55:37.971597,398.77,-14.77,246.58,-3.96
2024/06/05-18:55:38.178758,398.76,-14.87,246.58,-4.04
2024/06/05-18:55:38.265505,398.77,-14.77,246.58,-3.96
2024/06/05-18:55:38.376683,398.77,-14.77,246.58,-3.96
2024/06/05-18:55:38.589096,398.77,-14.77,246.58,-3.96
2024/06/05-18:55:38.650567,398.77,-14.77,246.58,-3.96
2024/06/05-18:55:38.736150,398.77,-14.77,246.58,-3.96
2024/06/05-18:55:38.902856,398.77,-14.77,246.58,-3.96
2024/06/05-18:55:39.072536,398.77,-14.77,246.58,-3.96
2024/06/05-18:55:39.268697,398.75,-15.37,246.58,-4.04
2024/06/05-18:55:39.374980,398.75,-15.37,246.58,-4.04
2024/06/05-18:55:39.516496,398.75,-15.37,246.58,-4.04
2024/06/05-18:55:39.658495,398.75,-15.37,246.58,-4.04
2024/06/05-18:55:39.828207,398.75,-15.37,246.58,-4.04
2024/06/05-18:55:40.036985,398.75,-15.37,246.58,-4.04
2024/06/05-18:55:40.191579,398.75,-15.37,246.58,-4.04
2024/06/05-18:55:40.350080,398.75,-15.37,246.58,-4.04
2024/06/05-18:55:40.510246,398.75,-15.37,246.58,-4.04
2024/06/05-18:55:40.725927,398.76,-15.17,246.58,-3.88
2024/06/05-18:55:40.873436,399.17,-15.18,246.96,-3.88
2024/06/05-18:55:41.082460,399.15,-15.79,246.96,-3.97
2024/06/05-18:55:41.162733,399.15,-15.79,246.96,-3.97
2024/06/05-18:55:41.254133,399.15,-15.79,246.96,-3.97
2024/06/05-18:55:41.342283,399.15,-15.79,246.96,-3.97
2024/06/05-18:55:41.409753,399.15,-15.79,246.96,-3.97
2024/06/05-18:55:41.478377,399.15,-15.79,246.96,-3.97
2024/06/05-18:55:41.558024,399.15,-15.79,246.96,-3.97
2024/06/05-18:55:41.640584,399.15,-15.79,246.96,-3.97
2024/06/05-18:55:41.707529,399.15,-15.79,246.96,-3.97
2024/06/05-18:55:41.793145,399.15,-15.79,246.96,-3.97
2024/06/05-18:55:41.868886,399.15,-15.79,246.96,-3.97
2024/06/05-18:55:41.939235,399.15,-15.79,246.96,-3.97
2024/06/05-18:55:42.033879,399.15,-15.79,246.96,-3.97
2024/06/05-18:55:42.150075,399.15,-15.79,246.96,-3.97
2024/06/05-18:55:42.185117,399.15,-15.79,246.96,-3.97
2024/06/05-18:55:42.267598,399.15,-15.79,246.96,-3.97
2024/06/05-18:55:42.365291,399.15,-15.79,246.96,-3.97
2024/06/05-18:55:42.542475,399.15,-15.79,246.96,-3.97
2024/06/05-18:55:42.620950,399.15,-15.79,246.96,-3.97
2024/06/05-18:55:42.702421,399.15,-15.79,246.96,-3.97
2024/06/05-18:55:42.820703,399.15,-15.79,246.96,-3.97
2024/06/05-18:55:42.928684,399.15,-15.79,246.96,-3.97
2024/06/05-18:55:43.017237,399.15,-15.79,246.96,-3.97
2024/06/05-18:55:43.103108,399.15,-15.79,246.96,-3.97
2024/06/05-18:55:43.175691,399.15,-15.79,246.96,-3.97
2024/06/05-18:55:43.269504,399.15,-15.79,246.96,-3.97
2024/06/05-18:55:43.352792,399.15,-15.79,246.96,-3.97
2024/06/05-18:55:43.501796,399.15,-15.79,246.96,-3.97
2024/06/05-18:55:43.675166,399.15,-15.79,246.96,-3.97
2024/06/05-18:55:43.871560,399.54,-15.80,247.95,-3.97
2024/06/05-18:55:44.029492,399.93,-15.81,248.94,-3.97
2024/06/05-18:55:44.241911,400.71,-15.84,250.93,-3.97
2024/06/05-18:55:44.499712,400.80,-15.84,250.51,-3.96
2024/06/05-18:55:44.675194,401.64,-15.25,251.79,-3.88
2024/06/05-18:55:44.837958,402.06,-15.26,252.58,-3.87
2024/06/05-18:55:44.997200,402.91,-15.28,254.16,-3.87
2024/06/05-18:55:45.145162,402.91,-15.28,254.16,-3.87
2024/06/05-18:55:45.301640,403.80,-14.69,255.14,-3.77
2024/06/05-18:55:45.473899,404.18,-14.70,256.14,-3.77
2024/06/05-18:55:45.639619,404.67,-14.10,256.23,-3.68
2024/06/05-18:55:45.864673,405.03,-14.21,257.23,-3.76
2024/06/05-18:55:45.995500,405.03,-14.21,257.23,-3.76
2024/06/05-18:55:46.172212,405.03,-14.21,257.23,-3.76
2024/06/05-18:55:46.385996,406.27,-13.62,259.24,-3.67
2024/06/05-18:55:46.599259,406.70,-13.74,259.94,-3.74
2024/06/05-18:55:46.791936,406.72,-13.12,259.94,-3.66
2024/06/05-18:55:46.920273,406.72,-13.12,259.94,-3.66
2024/06/05-18:55:47.072178,407.13,-13.13,260.24,-3.65
2024/06/05-18:55:47.302184,407.11,-12.71,260.85,-3.73
2024/06/05-18:55:47.447208,407.50,-12.72,261.26,-3.73
2024/06/05-18:55:47.658040,407.48,-13.03,261.25,-3.96
2024/06/05-18:55:47.870668,407.44,-13.14,261.87,-4.04
2024/06/05-18:55:48.102653,407.44,-12.72,261.86,-4.11
2024/06/05-18:55:48.289464,407.44,-12.72,261.86,-4.11
2024/06/05-18:55:48.470498,407.83,-12.73,262.27,-4.11
2024/06/05-18:55:48.667138,407.83,-12.73,262.27,-4.11
2024/06/05-18:55:48.873047,408.04,-12.72,261.32,-4.09
2024/06/05-18:55:49.057326,408.04,-12.72,261.32,-4.09
2024/06/05-18:55:49.294455,408.04,-12.72,261.32,-4.09
2024/06/05-18:55:49.516640,408.04,-12.72,261.32,-4.09
2024/06/05-18:55:49.656752,408.04,-12.72,261.32,-4.09
2024/06/05-18:55:49.829202,408.00,-12.41,261.93,-4.24
2024/06/05-18:55:49.987639,408.00,-12.41,261.93,-4.24
2024/06/05-18:55:50.176478,408.00,-12.41,261.93,-4.24
2024/06/05-18:55:50.358840,408.00,-12.41,261.93,-4.24
2024/06/05-18:55:50.536466,408.00,-12.41,261.93,-4.24
2024/06/05-18:55:50.700056,408.40,-12.42,262.34,-4.24
2024/06/05-18:55:50.910908,408.40,-12.42,262.34,-4.24
2024/06/05-18:55:51.052881,407.97,-12.41,262.55,-4.24
2024/06/05-18:55:51.230929,405.97,-9.90,261.74,-4.27
2024/06/05-18:55:51.444839,404.33,-6.59,261.94,-4.06
2024/06/05-18:55:51.634239,402.63,-4.65,262.14,-4.11
2024/06/05-18:55:51.914293,401.81,-3.53,261.94,-4.01
2024/06/05-18:55:52.127511,400.96,-2.22,261.72,-4.14
2024/06/05-18:55:52.409273,398.36,1.88,261.81,-4.00
2024/06/05-18:55:52.557772,398.36,1.88,261.81,-4.00
2024/06/05-18:55:52.723500,397.52,2.97,261.61,-3.90
2024/06/05-18:55:52.889711,397.03,4.25,261.78,-4.03
2024/06/05-18:55:53.129191,395.76,5.82,261.17,-3.93
2024/06/05-18:55:53.279439,395.27,6.49,261.35,-4.14
2024/06/05-18:55:53.416888,394.42,7.66,261.15,-3.97
2024/06/05-18:55:53.606519,393.49,9.11,261.53,-3.94
2024/06/05-18:55:53.770701,393.49,9.11,261.53,-3.94
2024/06/05-18:55:53.983089,392.51,10.34,261.61,-4.09
2024/06/05-18:55:54.143748,392.04,11.31,261.69,-4.07
2024/06/05-18:55:54.348735,391.97,11.90,262.39,-3.98
2024/06/05-18:55:54.567697,391.50,12.65,261.96,-4.12
2024/06/05-18:55:54.707271,391.04,13.12,262.15,-4.12
2024/06/05-18:55:54.907540,390.64,13.10,261.76,-4.12
2024/06/05-18:55:55.114687,390.59,14.18,261.75,-4.02
2024/06/05-18:55:55.310525,390.15,14.16,261.94,-4.02
2024/06/05-18:55:55.492985,390.12,14.65,261.94,-4.01
2024/06/05-18:55:55.612173,389.72,14.52,261.53,-4.09
2024/06/05-18:55:55.804337,389.66,15.11,262.12,-4.00
2024/06/05-18:55:56.022239,389.23,15.68,261.73,-3.91
2024/06/05-18:55:56.168097,389.23,15.68,261.73,-3.91
2024/06/05-18:55:56.373856,389.23,15.68,261.73,-3.91
2024/06/05-18:55:56.529501,389.23,15.68,261.73,-3.91
2024/06/05-18:55:56.766742,389.23,15.68,261.73,-3.91
2024/06/05-18:55:56.964163,389.15,15.96,262.30,-4.06
2024/06/05-18:55:57.025359,389.14,15.85,262.29,-4.14
2024/06/05-18:55:57.269599,389.14,15.85,262.29,-4.14
2024/06/05-18:55:57.502362,389.14,15.85,262.29,-4.14
2024/06/05-18:55:57.717761,389.14,15.85,262.29,-4.14
2024/06/05-18:55:57.934117,388.74,15.83,261.89,-4.14
2024/06/05-18:55:58.108835,388.74,15.83,261.89,-4.14
2024/06/05-18:55:58.314735,388.74,15.83,261.89,-4.14
2024/06/05-18:55:58.494121,388.74,15.83,261.89,-4.14
2024/06/05-18:55:58.659120,388.74,15.83,261.89,-4.14
2024/06/05-18:55:58.817938,388.74,16.42,261.79,-4.05
2024/06/05-18:55:58.940415,388.74,16.42,261.79,-4.05
2024/06/05-18:55:59.053637,388.72,16.42,261.89,-4.05
2024/06/05-18:55:59.095970,388.72,16.42,261.89,-4.05
2024/06/05-18:55:59.183992,388.72,16.42,261.89,-4.05
2024/06/05-18:55:59.272228,388.72,16.42,261.89,-4.05
2024/06/05-18:55:59.306160,388.72,16.42,261.89,-4.05
2024/06/05-18:55:59.386311,388.72,16.42,261.89,-4.05
2024/06/05-18:55:59.482641,388.72,16.42,261.89,-4.05
2024/06/05-18:55:59.532977,388.72,16.42,261.89,-4.05
2024/06/05-18:55:59.611672,388.72,16.42,261.89,-4.05
2024/06/05-18:55:59.753071,388.72,16.42,261.89,-4.05
2024/06/05-18:55:59.820699,388.72,16.42,261.89,-4.05
2024/06/05-18:55:59.871129,388.72,16.42,261.89,-4.05
2024/06/05-18:55:59.956313,388.72,16.42,261.89,-4.05
2024/06/05-18:56:00.044047,388.72,16.42,261.89,-4.05
2024/06/05-18:56:00.113182,388.72,16.42,261.89,-4.05
2024/06/05-18:56:00.202925,388.72,16.42,261.89,-4.05
2024/06/05-18:56:00.275330,388.72,16.42,261.89,-4.05
2024/06/05-18:56:00.324987,388.72,16.42,261.89,-4.05
2024/06/05-18:56:00.478445,388.72,16.42,261.89,-4.05
2024/06/05-18:56:00.533620,388.72,16.42,261.89,-4.05
2024/06/05-18:56:00.579392,388.72,16.42,261.89,-4.05
2024/06/05-18:56:00.658241,388.72,16.42,261.89,-4.05
2024/06/05-18:56:00.731776,388.72,16.42,261.89,-4.05
2024/06/05-18:56:00.815433,388.72,16.42,261.89,-4.05
2024/06/05-18:56:00.894587,388.72,16.42,261.89,-4.05
2024/06/05-18:56:00.973851,388.72,16.42,261.89,-4.05
2024/06/05-18:56:01.080761,388.72,16.42,261.89,-4.05
2024/06/05-18:56:01.184508,388.72,16.42,261.89,-4.05
2024/06/05-18:56:01.243180,388.72,16.42,261.89,-4.05
2024/06/05-18:56:01.322640,388.72,16.42,261.89,-4.05
2024/06/05-18:56:01.398586,388.72,16.42,261.89,-4.05
2024/06/05-18:56:01.486999,388.72,16.42,261.89,-4.05
2024/06/05-18:56:01.562363,388.72,16.42,261.89,-4.05
2024/06/05-18:56:01.639426,388.72,16.42,261.89,-4.05
2024/06/05-18:56:01.694270,388.72,16.42,261.89,-4.05
2024/06/05-18:56:01.779579,388.72,16.42,261.89,-4.05
2024/06/05-18:56:01.852882,388.72,16.42,261.89,-4.05
2024/06/05-18:56:01.961100,388.72,16.42,261.89,-4.05
2024/06/05-18:56:02.041394,388.72,16.42,261.89,-4.05
2024/06/05-18:56:02.083663,388.72,16.42,261.89,-4.05
2024/06/05-18:56:02.182799,388.72,16.42,261.89,-4.05
2024/06/05-18:56:02.257486,388.72,16.42,261.89,-4.05
2024/06/05-18:56:02.362668,388.72,16.42,261.89,-4.05
2024/06/05-18:56:02.451209,388.74,16.42,261.79,-4.05
2024/06/05-18:56:02.595984,388.73,16.52,261.90,-3.98
2024/06/05-18:56:02.647125,388.73,16.52,261.90,-3.98
2024/06/05-18:56:02.684445,388.73,16.52,261.90,-3.98
2024/06/05-18:56:02.723852,388.73,16.52,261.90,-3.98
2024/06/05-18:56:02.826307,388.73,16.52,261.90,-3.98
2024/06/05-18:56:02.895728,388.73,16.52,261.90,-3.98
2024/06/05-18:56:02.983070,388.73,16.52,261.90,-3.98
2024/06/05-18:56:03.069157,388.73,16.52,261.90,-3.98
2024/06/05-18:56:03.108253,388.73,16.52,261.90,-3.98
2024/06/05-18:56:03.195350,388.73,16.52,261.90,-3.98
2024/06/05-18:56:03.267813,388.73,16.52,261.90,-3.98
2024/06/05-18:56:03.405632,388.73,16.52,261.90,-3.98
2024/06/05-18:56:03.456347,388.73,16.52,261.90,-3.98
2024/06/05-18:56:03.530852,388.73,16.52,261.90,-3.98
2024/06/05-18:56:03.577257,388.73,16.52,261.90,-3.98
2024/06/05-18:56:03.660022,388.73,16.52,261.90,-3.98
2024/06/05-18:56:03.736068,388.73,16.52,261.90,-3.98
2024/06/05-18:56:03.812261,388.73,16.52,261.90,-3.98
2024/06/05-18:56:03.890230,388.73,16.52,261.90,-3.98
2024/06/05-18:56:03.962969,388.73,16.52,261.90,-3.98
2024/06/05-18:56:04.105856,388.73,16.52,261.90,-3.98
2024/06/05-18:56:04.182912,388.73,16.52,261.90,-3.98
2024/06/05-18:56:04.219464,388.73,16.52,261.90,-3.98
2024/06/05-18:56:04.316405,388.73,16.52,261.90,-3.98
2024/06/05-18:56:04.402718,388.73,16.52,261.90,-3.98
2024/06/05-18:56:04.483700,388.73,16.52,261.90,-3.98
2024/06/05-18:56:04.611388,388.73,16.52,261.90,-3.98
2024/06/05-18:56:04.654165,388.73,16.52,261.90,-3.98
2024/06/05-18:56:04.762399,388.73,16.52,261.90,-3.98
2024/06/05-18:56:04.872356,388.73,16.52,261.90,-3.98
2024/06/05-18:56:04.914698,388.73,16.52,261.90,-3.98
2024/06/05-18:56:05.002524,388.73,16.52,261.90,-3.98
2024/06/05-18:56:05.077950,388.73,16.52,261.90,-3.98
2024/06/05-18:56:05.115382,388.73,16.52,261.90,-3.98
2024/06/05-18:56:05.202943,388.73,16.52,261.90,-3.98
2024/06/05-18:56:05.284767,388.73,16.52,261.90,-3.98
2024/06/05-18:56:05.358795,388.73,16.52,261.90,-3.98
2024/06/05-18:56:05.448391,388.73,16.52,261.90,-3.98
2024/06/05-18:56:05.587736,388.73,16.52,261.90,-3.98
2024/06/05-18:56:05.673755,388.73,16.52,261.90,-3.98
2024/06/05-18:56:05.759784,388.73,16.52,261.90,-3.98
2024/06/05-18:56:05.834422,388.73,16.52,261.90,-3.98
2024/06/05-18:56:05.921602,388.73,16.52,261.90,-3.98
2024/06/05-18:56:06.015032,388.73,16.62,261.91,-3.90
2024/06/05-18:56:06.046909,388.73,16.62,261.91,-3.90
2024/06/05-18:56:06.137418,388.73,16.62,261.91,-3.90
2024/06/05-18:56:06.234472,388.73,16.52,261.90,-3.98
2024/06/05-18:56:06.315994,388.73,16.52,261.90,-3.98
2024/06/05-18:56:06.360008,388.73,16.52,261.90,-3.98
2024/06/05-18:56:06.449040,388.73,16.52,261.90,-3.98
2024/06/05-18:56:06.501503,388.73,16.52,261.90,-3.98
2024/06/05-18:56:06.588369,388.73,16.52,261.90,-3.98
2024/06/05-18:56:06.657634,388.73,16.52,261.90,-3.98
2024/06/05-18:56:06.725292,388.73,16.52,261.90,-3.98
2024/06/05-18:56:06.828544,388.73,16.52,261.90,-3.98
2024/06/05-18:56:06.930805,388.73,16.52,261.90,-3.98
2024/06/05-18:56:06.992982,388.73,16.52,261.90,-3.98
2024/06/05-18:56:07.087182,388.75,16.63,261.80,-3.89
2024/06/05-18:56:07.132110,388.75,16.63,261.80,-3.89
2024/06/05-18:56:07.212044,388.73,16.52,261.90,-3.98
2024/06/05-18:56:07.319641,388.73,16.52,261.90,-3.98
2024/06/05-18:56:07.355492,388.73,16.52,261.90,-3.98
2024/06/05-18:56:07.434276,388.73,16.52,261.90,-3.98
2024/06/05-18:56:07.532085,388.73,16.52,261.90,-3.98
2024/06/05-18:56:07.566147,388.73,16.52,261.90,-3.98
2024/06/05-18:56:07.642843,388.73,16.52,261.90,-3.98
2024/06/05-18:56:07.791677,388.73,16.52,261.90,-3.98
2024/06/05-18:56:07.819127,388.73,16.52,261.90,-3.98
2024/06/05-18:56:07.926814,388.73,16.52,261.90,-3.98
2024/06/05-18:56:08.000490,388.73,16.52,261.90,-3.98
2024/06/05-18:56:08.083795,388.73,16.52,261.90,-3.98
2024/06/05-18:56:08.157984,388.73,16.52,261.90,-3.98
2024/06/05-18:56:08.222502,388.73,16.62,261.91,-3.90
2024/06/05-18:56:08.318661,388.73,16.62,261.91,-3.90
2024/06/05-18:56:08.388597,388.73,16.52,261.90,-3.98
2024/06/05-18:56:08.457200,388.73,16.52,261.90,-3.98
2024/06/05-18:56:08.521548,388.73,16.52,261.90,-3.98
2024/06/05-18:56:08.613413,388.48,16.46,263.06,-4.04
2024/06/05-18:56:08.870412,388.48,16.46,263.06,-4.04
2024/06/05-18:56:08.986847,388.48,16.46,263.06,-4.04
2024/06/05-18:56:09.171323,388.48,16.46,263.06,-4.04
2024/06/05-18:56:09.351426,388.49,16.56,263.06,-3.96
2024/06/05-18:56:09.514515,388.53,16.56,262.47,-3.96
2024/06/05-18:56:09.587474,388.52,16.46,262.47,-4.04
2024/06/05-18:56:09.624654,388.52,16.46,262.47,-4.04
2024/06/05-18:56:09.705980,388.52,16.46,262.47,-4.04
2024/06/05-18:56:09.789280,388.52,16.46,262.47,-4.04
2024/06/05-18:56:09.827749,388.52,16.46,262.47,-4.04
2024/06/05-18:56:09.960170,388.52,16.46,262.47,-4.04
2024/06/05-18:56:10.000786,388.53,16.56,262.47,-3.96
2024/06/05-18:56:10.096749,388.53,16.56,262.47,-3.96
2024/06/05-18:56:10.169744,388.53,16.56,262.47,-3.96
2024/06/05-18:56:10.217040,388.52,16.46,262.47,-4.04
2024/06/05-18:56:10.298529,388.52,16.46,262.47,-4.04
2024/06/05-18:56:10.387853,388.52,16.46,262.47,-4.04
2024/06/05-18:56:10.429454,388.52,16.46,262.47,-4.04
2024/06/05-18:56:10.507212,388.52,16.46,262.47,-4.04
2024/06/05-18:56:10.623272,388.52,16.46,262.47,-4.04
2024/06/05-18:56:10.719762,388.52,16.46,262.47,-4.04
2024/06/05-18:56:10.780495,388.52,16.46,262.47,-4.04
2024/06/05-18:56:10.834117,388.52,16.46,262.47,-4.04
2024/06/05-18:56:10.938415,388.52,16.46,262.47,-4.04
2024/06/05-18:56:10.977739,388.52,16.46,262.47,-4.04
2024/06/05-18:56:11.058065,388.52,16.46,262.47,-4.04
2024/06/05-18:56:11.146700,388.52,16.46,262.47,-4.04
2024/06/05-18:56:11.217800,388.52,16.46,262.47,-4.04
2024/06/05-18:56:11.272518,388.52,16.46,262.47,-4.04
2024/06/05-18:56:11.386020,388.52,16.46,262.47,-4.04
2024/06/05-18:56:11.497849,388.52,16.46,262.47,-4.04
2024/06/05-18:56:11.548188,388.52,16.46,262.47,-4.04
2024/06/05-18:56:11.639757,388.52,16.46,262.47,-4.04
2024/06/05-18:56:11.720914,388.52,16.46,262.47,-4.04
2024/06/05-18:56:11.817555,388.52,16.46,262.47,-4.04
2024/06/05-18:56:11.896649,388.52,16.46,262.47,-4.04
2024/06/05-18:56:11.936049,388.52,16.46,262.47,-4.04
2024/06/05-18:56:12.049823,388.52,16.46,262.47,-4.04
2024/06/05-18:56:12.162959,388.52,16.46,262.47,-4.04
2024/06/05-18:56:12.232605,388.52,16.46,262.47,-4.04
2024/06/05-18:56:12.314137,388.52,16.46,262.47,-4.04
2024/06/05-18:56:12.365406,388.52,16.46,262.47,-4.04
2024/06/05-18:56:12.443858,388.52,16.46,262.47,-4.04
2024/06/05-18:56:12.529618,388.52,16.46,262.47,-4.04
2024/06/05-18:56:12.623417,388.52,16.46,262.47,-4.04
2024/06/05-18:56:12.757356,388.52,16.46,262.47,-4.04
2024/06/05-18:56:12.897093,388.52,16.46,262.47,-4.04
2024/06/05-18:56:12.967567,388.52,16.46,262.47,-4.04
2024/06/05-18:56:13.094759,388.52,16.46,262.47,-4.04
2024/06/05-18:56:13.127609,388.52,16.46,262.47,-4.04
2024/06/05-18:56:13.184988,388.52,16.46,262.47,-4.04
2024/06/05-18:56:13.277527,388.52,16.46,262.47,-4.04
2024/06/05-18:56:13.359765,388.52,16.46,262.47,-4.04
2024/06/05-18:56:13.413485,388.52,16.46,262.47,-4.04
2024/06/05-18:56:13.558786,388.52,16.46,262.47,-4.04
2024/06/05-18:56:13.607299,388.52,16.46,262.47,-4.04
2024/06/05-18:56:13.670060,388.52,16.46,262.47,-4.04
2024/06/05-18:56:13.758773,388.52,16.46,262.47,-4.04
2024/06/05-18:56:13.842392,388.52,16.46,262.47,-4.04
2024/06/05-18:56:13.883483,388.52,16.46,262.47,-4.04
2024/06/05-18:56:13.970188,388.52,16.46,262.47,-4.04
2024/06/05-18:56:14.051729,388.53,16.56,262.47,-3.96
2024/06/05-18:56:14.121191,388.53,16.56,262.47,-3.96
2024/06/05-18:56:14.245645,388.52,16.46,262.47,-4.04
2024/06/05-18:56:14.350816,388.52,16.46,262.47,-4.04
2024/06/05-18:56:14.398980,388.52,16.46,262.47,-4.04
2024/06/05-18:56:14.502456,388.52,16.46,262.47,-4.04
2024/06/05-18:56:14.579488,388.52,16.46,262.47,-4.04
2024/06/05-18:56:14.624565,388.52,16.46,262.47,-4.04
2024/06/05-18:56:14.709618,388.52,16.46,262.47,-4.04
2024/06/05-18:56:14.791895,388.52,16.46,262.47,-4.04
2024/06/05-18:56:14.897709,388.52,16.46,262.47,-4.04
2024/06/05-18:56:15.015052,388.53,16.56,262.47,-3.96
2024/06/05-18:56:15.065609,388.53,16.56,262.47,-3.96
2024/06/05-18:56:15.139140,388.53,16.56,262.47,-3.96
2024/06/05-18:56:15.226847,388.52,16.46,262.47,-4.04
2024/06/05-18:56:15.304834,388.52,16.46,262.47,-4.04
2024/06/05-18:56:15.352680,388.52,16.46,262.47,-4.04
2024/06/05-18:56:15.449620,388.52,16.46,262.47,-4.04
2024/06/05-18:56:15.541819,388.52,16.46,262.47,-4.04
2024/06/05-18:56:15.615048,388.52,16.46,262.47,-4.04
2024/06/05-18:56:15.787763,388.52,16.46,262.47,-4.04
2024/06/05-18:56:15.863916,388.52,16.46,262.47,-4.04
2024/06/05-18:56:15.929437,388.52,16.46,262.47,-4.04
2024/06/05-18:56:16.044267,388.52,16.46,262.47,-4.04
2024/06/05-18:56:16.081133,388.52,16.46,262.47,-4.04
2024/06/05-18:56:16.167719,388.52,16.46,262.47,-4.04
2024/06/05-18:56:16.246686,388.53,16.56,262.47,-3.96
2024/06/05-18:56:16.324417,388.53,16.56,262.47,-3.96
2024/06/05-18:56:16.400252,388.53,16.56,262.47,-3.96
2024/06/05-18:56:16.522200,388.52,16.46,262.47,-4.04
2024/06/05-18:56:16.567954,388.52,16.46,262.47,-4.04
2024/06/05-18:56:16.647659,388.52,16.46,262.47,-4.04
2024/06/05-18:56:16.734180,388.52,16.46,262.47,-4.04
2024/06/05-18:56:16.803603,388.52,16.46,262.47,-4.04
2024/06/05-18:56:16.851276,388.52,16.46,262.47,-4.04
2024/06/05-18:56:16.939192,388.52,16.46,262.47,-4.04
2024/06/05-18:56:17.015884,388.52,16.46,262.47,-4.04
2024/06/05-18:56:17.058922,388.52,16.46,262.47,-4.04
2024/06/05-18:56:17.177666,388.52,16.46,262.47,-4.04
2024/06/05-18:56:17.295439,388.53,16.56,262.47,-3.96
2024/06/05-18:56:17.354085,388.53,16.56,262.47,-3.96
2024/06/05-18:56:17.449640,388.52,16.46,262.47,-4.04
2024/06/05-18:56:17.535665,388.52,16.46,262.47,-4.04
2024/06/05-18:56:17.610008,388.52,16.46,262.47,-4.04
2024/06/05-18:56:17.705161,388.52,16.46,262.47,-4.04
2024/06/05-18:56:17.782352,388.52,16.46,262.47,-4.04
2024/06/05-18:56:17.852104,388.52,16.46,262.47,-4.04
2024/06/05-18:56:17.975369,388.52,16.46,262.47,-4.04
2024/06/05-18:56:18.037523,388.52,16.46,262.47,-4.04
2024/06/05-18:56:18.087987,388.52,16.46,262.47,-4.04
2024/06/05-18:56:18.157252,388.52,16.46,262.47,-4.04
2024/06/05-18:56:18.239319,388.53,16.56,262.47,-3.96
2024/06/05-18:56:18.325299,388.53,16.56,262.47,-3.96
2024/06/05-18:56:18.410998,388.52,16.46,262.47,-4.04
2024/06/05-18:56:18.444967,388.52,16.46,262.47,-4.04
2024/06/05-18:56:18.497653,388.52,16.46,262.47,-4.04
2024/06/05-18:56:18.585273,388.52,16.46,262.47,-4.04
2024/06/05-18:56:18.718583,388.52,16.46,262.47,-4.04
2024/06/05-18:56:18.763620,388.52,16.46,262.47,-4.04
2024/06/05-18:56:18.816018,388.52,16.46,262.47,-4.04
2024/06/05-18:56:18.866512,388.52,16.46,262.47,-4.04
2024/06/05-18:56:18.952857,388.52,16.46,262.47,-4.04
2024/06/05-18:56:19.046451,388.52,16.46,262.47,-4.04
2024/06/05-18:56:19.130319,388.52,16.46,262.47,-4.04
2024/06/05-18:56:19.213837,388.52,16.46,262.47,-4.04
2024/06/05-18:56:19.358852,388.52,16.46,262.47,-4.04
2024/06/05-18:56:19.410372,388.52,16.46,262.47,-4.04
2024/06/05-18:56:19.507690,388.52,16.46,262.47,-4.04
2024/06/05-18:56:19.588072,388.52,16.46,262.47,-4.04
2024/06/05-18:56:19.680581,388.52,16.46,262.47,-4.04
2024/06/05-18:56:19.762956,388.52,16.46,262.47,-4.04
2024/06/05-18:56:19.797502,388.52,16.46,262.47,-4.04
2024/06/05-18:56:19.843736,388.52,16.46,262.47,-4.04
2024/06/05-18:56:19.931753,388.52,16.46,262.47,-4.04
2024/06/05-18:56:20.003166,388.52,16.46,262.47,-4.04
2024/06/05-18:56:20.124792,388.52,16.46,262.47,-4.04
2024/06/05-18:56:20.200629,388.52,16.46,262.47,-4.04
2024/06/05-18:56:20.234912,388.52,16.46,262.47,-4.04
2024/06/05-18:56:20.352359,388.52,16.46,262.47,-4.04
2024/06/05-18:56:20.424353,388.52,16.46,262.47,-4.04
2024/06/05-18:56:20.475736,388.52,16.46,262.47,-4.04
2024/06/05-18:56:20.560131,388.52,16.46,262.47,-4.04
2024/06/05-18:56:20.636890,388.52,16.46,262.47,-4.04
2024/06/05-18:56:20.719532,388.52,16.46,262.47,-4.04
2024/06/05-18:56:20.834865,388.52,16.46,262.47,-4.04
2024/06/05-18:56:20.897915,388.52,16.46,262.47,-4.04
2024/06/05-18:56:20.940193,388.52,16.46,262.47,-4.04
2024/06/05-18:56:21.023692,388.52,16.46,262.47,-4.04
2024/06/05-18:56:21.102375,388.52,16.46,262.47,-4.04
2024/06/05-18:56:21.187499,388.53,16.56,262.47,-3.96
2024/06/05-18:56:21.264602,388.53,16.56,262.47,-3.96
2024/06/05-18:56:21.350202,388.53,16.56,262.47,-3.96
2024/06/05-18:56:21.438068,388.52,16.46,262.47,-4.04
2024/06/05-18:56:21.505744,388.52,16.46,262.47,-4.04
2024/06/05-18:56:21.658856,388.52,16.46,262.47,-4.04
2024/06/05-18:56:21.715699,388.52,16.46,262.47,-4.04
2024/06/05-18:56:21.766576,388.52,16.46,262.47,-4.04
2024/06/05-18:56:21.857276,388.53,16.56,262.47,-3.96
2024/06/05-18:56:21.931494,388.53,16.56,262.47,-3.96
2024/06/05-18:56:22.009909,388.53,16.56,262.47,-3.96
2024/06/05-18:56:22.106746,388.53,16.56,262.47,-3.96
2024/06/05-18:56:22.173416,388.53,16.56,262.47,-3.96
2024/06/05-18:56:22.297115,388.52,16.46,262.47,-4.04
2024/06/05-18:56:22.423942,388.52,16.46,262.47,-4.04
2024/06/05-18:56:22.487253,388.52,16.46,262.47,-4.04
2024/06/05-18:56:22.580742,388.52,16.46,262.47,-4.04
2024/06/05-18:56:22.668157,388.52,16.46,262.47,-4.04
2024/06/05-18:56:22.755714,388.52,16.46,262.47,-4.04
2024/06/05-18:56:22.833682,388.52,16.46,262.47,-4.04
2024/06/05-18:56:22.882742,388.52,16.46,262.47,-4.04
2024/06/05-18:56:22.972392,388.52,16.46,262.47,-4.04
2024/06/05-18:56:23.061899,388.52,16.46,262.47,-4.04
2024/06/05-18:56:23.131556,388.52,16.46,262.47,-4.04
2024/06/05-18:56:23.192465,388.52,16.46,262.47,-4.04
2024/06/05-18:56:23.287751,388.52,16.46,262.47,-4.04
2024/06/05-18:56:23.325907,388.52,16.46,262.47,-4.04
2024/06/05-18:56:23.418114,388.52,16.46,262.47,-4.04
2024/06/05-18:56:23.497786,388.52,16.46,262.47,-4.04
2024/06/05-18:56:23.533149,388.52,16.46,262.47,-4.04
2024/06/05-18:56:23.625424,388.52,16.46,262.47,-4.04
2024/06/05-18:56:23.730024,388.52,16.46,262.47,-4.04
2024/06/05-18:56:23.803316,388.53,16.56,262.47,-3.96
2024/06/05-18:56:23.860525,388.53,16.56,262.47,-3.96
2024/06/05-18:56:23.945724,388.53,16.56,262.47,-3.96
2024/06/05-18:56:24.032035,388.52,16.46,262.47,-4.04
2024/06/05-18:56:24.116120,388.52,16.46,262.47,-4.04
2024/06/05-18:56:24.209195,388.52,16.46,262.47,-4.04
2024/06/05-18:56:24.254435,388.52,16.46,262.47,-4.04
2024/06/05-18:56:24.350015,388.52,16.46,262.47,-4.04
2024/06/05-18:56:24.436635,388.53,16.56,262.47,-3.96
2024/06/05-18:56:24.501397,388.53,16.56,262.47,-3.96
2024/06/05-18:56:24.544718,388.53,16.56,262.47,-3.96
2024/06/05-18:56:24.592597,388.52,16.46,262.47,-4.04
2024/06/05-18:56:24.685923,388.52,16.46,262.47,-4.04
2024/06/05-18:56:24.767455,388.52,16.46,262.47,-4.04
2024/06/05-18:56:24.857756,388.52,16.46,262.47,-4.04
2024/06/05-18:56:24.941500,388.52,16.46,262.47,-4.04
2024/06/05-18:56:24.981469,388.52,16.46,262.47,-4.04
2024/06/05-18:56:25.065366,388.52,16.46,262.47,-4.04
2024/06/05-18:56:25.172027,388.52,16.46,262.47,-4.04
2024/06/05-18:56:25.242400,388.52,16.46,262.47,-4.04
2024/06/05-18:56:25.389800,388.52,16.46,262.47,-4.04
2024/06/05-18:56:25.443684,388.52,16.46,262.47,-4.04
2024/06/05-18:56:25.522071,388.52,16.46,262.47,-4.04
2024/06/05-18:56:25.621386,388.52,16.46,262.47,-4.04
2024/06/05-18:56:25.658010,388.52,16.46,262.47,-4.04
2024/06/05-18:56:25.707360,388.52,16.46,262.47,-4.04
2024/06/05-18:56:25.796780,388.52,16.46,262.47,-4.04
2024/06/05-18:56:25.908091,388.52,16.46,262.47,-4.04
2024/06/05-18:56:26.023268,388.52,16.46,262.47,-4.04
2024/06/05-18:56:26.118650,388.52,16.46,262.47,-4.04
2024/06/05-18:56:26.209149,388.53,16.56,262.47,-3.96
2024/06/05-18:56:26.295597,388.53,16.56,262.47,-3.96
2024/06/05-18:56:26.341517,388.53,16.56,262.47,-3.96
2024/06/05-18:56:26.419773,388.52,16.46,262.47,-4.04
2024/06/05-18:56:26.532818,388.52,16.46,262.47,-4.04
2024/06/05-18:56:26.636019,388.52,16.46,262.47,-4.04
2024/06/05-18:56:26.707401,388.52,16.46,262.47,-4.04
2024/06/05-18:56:26.778616,388.52,16.46,262.47,-4.04
2024/06/05-18:56:26.885299,388.52,16.46,262.47,-4.04
2024/06/05-18:56:26.925673,388.52,16.46,262.47,-4.04
2024/06/05-18:56:26.981510,388.52,16.46,262.47,-4.04
2024/06/05-18:56:27.093979,388.52,16.46,262.47,-4.04
2024/06/05-18:56:27.161976,388.52,16.46,262.47,-4.04
2024/06/05-18:56:27.213800,388.52,16.46,262.47,-4.04
2024/06/05-18:56:27.324704,388.52,16.46,262.47,-4.04
2024/06/05-18:56:27.464000,388.52,16.46,262.47,-4.04
2024/06/05-18:56:27.526762,388.52,16.46,262.47,-4.04
2024/06/05-18:56:27.603803,388.52,16.46,262.47,-4.04
2024/06/05-18:56:27.689648,388.52,16.46,262.47,-4.04
2024/06/05-18:56:27.765112,388.52,16.46,262.47,-4.04
2024/06/05-18:56:27.867187,388.52,16.46,262.47,-4.04
2024/06/05-18:56:27.944402,388.52,16.46,262.47,-4.04
2024/06/05-18:56:28.029299,388.52,16.46,262.47,-4.04
2024/06/05-18:56:28.150597,388.52,16.46,262.47,-4.04
2024/06/05-18:56:28.257026,388.52,16.46,262.47,-4.04
2024/06/05-18:56:28.328528,388.52,16.46,262.47,-4.04
2024/06/05-18:56:28.387372,388.52,16.46,262.47,-4.04
2024/06/05-18:56:28.471620,388.52,16.46,262.47,-4.04
2024/06/05-18:56:28.547539,388.52,16.46,262.47,-4.04
2024/06/05-18:56:28.640354,388.52,16.46,262.47,-4.04
2024/06/05-18:56:28.718734,388.52,16.46,262.47,-4.04
2024/06/05-18:56:28.856640,388.52,16.46,262.47,-4.04
2024/06/05-18:56:28.940952,388.52,16.46,262.47,-4.04
2024/06/05-18:56:28.993562,388.52,16.46,262.47,-4.04
2024/06/05-18:56:29.085143,388.52,16.46,262.47,-4.04
2024/06/05-18:56:29.165242,388.52,16.46,262.47,-4.04
2024/06/05-18:56:29.243464,388.53,16.56,262.47,-3.96
2024/06/05-18:56:29.334138,388.53,16.56,262.47,-3.96
2024/06/05-18:56:29.409695,388.52,16.46,262.47,-4.04
2024/06/05-18:56:29.495889,388.52,16.46,262.47,-4.04
2024/06/05-18:56:29.612610,388.52,16.46,262.47,-4.04
2024/06/05-18:56:29.687713,388.52,16.46,262.47,-4.04
2024/06/05-18:56:29.767781,388.52,16.46,262.47,-4.04
2024/06/05-18:56:29.873174,388.53,16.56,262.47,-3.96
2024/06/05-18:56:29.947457,388.53,16.56,262.47,-3.96
2024/06/05-18:56:30.037270,388.52,16.46,262.47,-4.04
2024/06/05-18:56:30.116261,388.52,16.46,262.47,-4.04
2024/06/05-18:56:30.201093,388.52,16.46,262.47,-4.04
2024/06/05-18:56:30.285478,388.52,16.46,262.47,-4.04
2024/06/05-18:56:30.358266,388.52,16.46,262.47,-4.04
2024/06/05-18:56:30.460494,388.52,16.46,262.47,-4.04
2024/06/05-18:56:30.524489,388.52,16.46,262.47,-4.04
2024/06/05-18:56:30.614169,388.52,16.46,262.47,-4.04
2024/06/05-18:56:30.654312,388.52,16.46,262.47,-4.04
2024/06/05-18:56:30.737310,388.52,16.46,262.47,-4.04
2024/06/05-18:56:30.814878,388.53,16.56,262.47,-3.96
2024/06/05-18:56:30.848763,388.53,16.56,262.47,-3.96
2024/06/05-18:56:30.938681,388.53,16.56,262.47,-3.96
2024/06/05-18:56:31.054368,388.52,16.46,262.47,-4.04
2024/06/05-18:56:31.120093,388.52,16.46,262.47,-4.04
2024/06/05-18:56:31.207286,388.52,16.46,262.47,-4.04
2024/06/05-18:56:31.313928,388.52,16.46,262.47,-4.04
2024/06/05-18:56:31.396483,388.52,16.46,262.47,-4.04
2024/06/05-18:56:31.486904,388.52,16.46,262.47,-4.04
2024/06/05-18:56:31.520320,388.52,16.46,262.47,-4.04
2024/06/05-18:56:31.596083,388.52,16.46,262.47,-4.04
2024/06/05-18:56:31.677713,388.52,16.46,262.47,-4.04
2024/06/05-18:56:31.821097,388.53,16.56,262.47,-3.96
2024/06/05-18:56:31.881192,388.53,16.56,262.47,-3.96
2024/06/05-18:56:31.964627,388.53,16.56,262.47,-3.96
2024/06/05-18:56:32.048286,388.52,16.46,262.47,-4.04
2024/06/05-18:56:32.123832,388.52,16.46,262.47,-4.04
2024/06/05-18:56:32.203373,388.52,16.46,262.47,-4.04
2024/06/05-18:56:32.278081,388.52,16.46,262.47,-4.04
2024/06/05-18:56:32.349862,388.52,16.46,262.47,-4.04
2024/06/05-18:56:32.443699,388.52,16.46,262.47,-4.04
2024/06/05-18:56:32.554604,388.52,16.46,262.47,-4.04
2024/06/05-18:56:32.658177,388.52,16.46,262.47,-4.04
2024/06/05-18:56:32.731846,388.52,16.46,262.47,-4.04
2024/06/05-18:56:32.800132,388.52,16.46,262.47,-4.04
2024/06/05-18:56:32.890858,388.52,16.46,262.47,-4.04
2024/06/05-18:56:32.962928,388.52,16.46,262.47,-4.04
2024/06/05-18:56:33.016506,388.52,16.46,262.47,-4.04
2024/06/05-18:56:33.097410,388.52,16.46,262.47,-4.04
2024/06/05-18:56:33.246124,388.53,16.56,262.47,-3.96
2024/06/05-18:56:33.322205,388.53,16.56,262.47,-3.96
2024/06/05-18:56:33.400462,388.53,16.56,262.47,-3.96
2024/06/05-18:56:33.485295,388.53,16.56,262.47,-3.96
2024/06/05-18:56:33.558943,388.53,16.56,262.47,-3.96
2024/06/05-18:56:33.644071,388.52,16.46,262.47,-4.04
2024/06/05-18:56:33.716019,388.52,16.46,262.47,-4.04
2024/06/05-18:56:33.758107,388.52,16.46,262.47,-4.04
2024/06/05-18:56:33.840933,388.52,16.46,262.47,-4.04
2024/06/05-18:56:33.926161,388.52,16.46,262.47,-4.04
2024/06/05-18:56:33.992905,388.52,16.46,262.47,-4.04
2024/06/05-18:56:34.088510,388.52,16.46,262.47,-4.04
2024/06/05-18:56:34.151050,388.52,16.46,262.47,-4.04
2024/06/05-18:56:34.229404,388.52,16.46,262.47,-4.04
2024/06/05-18:56:34.317122,388.52,16.46,262.47,-4.04
2024/06/05-18:56:34.389669,388.52,16.46,262.47,-4.04
2024/06/05-18:56:34.439156,388.52,16.46,262.47,-4.04
2024/06/05-18:56:34.556874,388.52,16.46,262.47,-4.04
2024/06/05-18:56:34.625176,388.52,16.46,262.47,-4.04
2024/06/05-18:56:34.704399,388.52,16.46,262.47,-4.04
2024/06/05-18:56:34.794639,388.52,16.46,262.47,-4.04
2024/06/05-18:56:34.830430,388.52,16.46,262.47,-4.04
2024/06/05-18:56:34.872900,388.52,16.46,262.47,-4.04
2024/06/05-18:56:34.974517,388.52,16.46,262.47,-4.04
2024/06/05-18:56:35.040877,388.53,16.56,262.47,-3.96
2024/06/05-18:56:35.083488,388.53,16.56,262.47,-3.96
2024/06/05-18:56:35.171236,388.53,16.56,262.47,-3.96
2024/06/05-18:56:35.254695,388.52,16.46,262.47,-4.04
2024/06/05-18:56:35.357346,388.52,16.46,262.47,-4.04
2024/06/05-18:56:35.488417,388.52,16.46,262.47,-4.04
